epoch,train_loss,train_ba,val_loss,val_ba
1,0.955740930130006,0.4933656552441794,0.874877331814726,0.47965567560854444
2,0.7202041142348341,0.5775239358760237,0.8217267189849385,0.4867191381023348
3,0.6238084607851495,0.6391925303406262,0.8334757879916008,0.4883491679085942
4,0.5591254069848329,0.6917893219568219,0.8385924339958553,0.4935575012419275
5,0.5069067453279364,0.7434136225895128,0.8440060308384696,0.4943181818181818
6,0.46073895760735956,0.7847123120055608,0.8709782071432364,0.5039275956284153
7,0.41835261376810257,0.8158472159821049,0.8959891422545345,0.5119690760059613
8,0.3869693635971338,0.8346732894605671,0.9308656224965385,0.5085925856929956
9,0.3573282046813279,0.8539385799480792,0.9728435892248553,0.5147634128166916
10,0.3210024707783324,0.8805269989580332,1.0205071616637673,0.5112161574764034
11,0.29811711382559436,0.8910403827008927,1.0438506340914118,0.5175499875807252
12,0.27734311577558446,0.902999614895619,1.052887484555789,0.5120234103328366
13,0.2495032129860955,0.9179102897978748,1.088748216296969,0.5109832960755092
14,0.23261272617330894,0.9266835343295974,1.1264475431282872,0.5253974167908594
15,0.21805592199497462,0.9325565468427586,1.162226953878376,0.516610779930452
16,0.19652811821148544,0.9462601858060358,1.2159841648383394,0.5280753229011426
17,0.1862126010318545,0.9538818726451619,1.3397184042545414,0.5150971808246398
18,0.167833458853158,0.9588037319618883,1.2909608694172172,0.5135447714853453
19,0.153635126759774,0.9646554066879793,1.3388583869323092,0.5127297565822155
20,0.13932890980007911,0.9719785352104213,1.4657886546302306,0.514328738201689
21,0.13123447493288973,0.9740172327382424,1.4455681750369271,0.5145771236959762
22,0.12145198491575283,0.9786618715253548,1.5119526678473172,0.5126288499751614
23,0.1096994832676125,0.9830506275699231,1.5388679989201113,0.510765958768008
24,0.10407099962939723,0.9833491858866072,1.5965797881230006,0.514918653750621
25,0.0962382291712731,0.9848078370107161,1.639279127453031,0.5218035891703925
26,0.08846427185508267,0.9880023597885477,1.6627287180642896,0.5230532786885246
27,0.08390841229535528,0.9880151624607897,1.7676892828476463,0.516230439642325
28,0.0769547982489091,0.9909153944793512,1.7894981239499488,0.5061164927968207
29,0.06978719713497747,0.9900495924311967,1.8408155009607086,0.5147478887232986
30,0.0634487606225883,0.9926896741498001,1.9205619495227144,0.5231697093889717
