subject,held_out_run,balanced_accuracy,accuracy
1,4,0.7410714285714286,0.7333333333333333
1,8,0.6160714285714286,0.6
1,12,0.6875,0.6666666666666666
2,4,0.8035714285714286,0.8
2,8,0.7946428571428572,0.8
2,12,0.7857142857142857,0.8
3,4,0.6517857142857143,0.6666666666666666
3,8,0.5,0.4666666666666667
3,12,0.4017857142857143,0.4
4,4,0.5,0.5333333333333333
4,8,0.48214285714285715,0.4666666666666667
4,12,0.49107142857142855,0.4666666666666667
5,4,0.375,0.4
5,8,0.6517857142857143,0.6666666666666666
5,12,0.5982142857142857,0.6
6,4,0.5,0.5333333333333333
6,8,0.5089285714285714,0.5333333333333333
6,12,0.6875,0.6666666666666666
7,4,1.0,1.0
7,8,0.9375,0.9333333333333333
7,12,1.0,1.0
8,4,0.5,0.5333333333333333
8,8,0.5178571428571428,0.5333333333333333
8,12,0.33035714285714285,0.3333333333333333
9,4,0.5625,0.5333333333333333
9,8,0.5625,0.5333333333333333
9,12,0.4107142857142857,0.4
10,4,0.5357142857142857,0.5333333333333333
10,8,0.6696428571428572,0.6666666666666666
10,12,0.48214285714285715,0.4666666666666667
11,4,0.5,0.4666666666666667
11,8,0.48214285714285715,0.4666666666666667
11,12,0.8571428571428572,0.8666666666666667
12,4,0.5,0.5333333333333333
12,8,0.6875,0.6666666666666666
12,12,0.7142857142857143,0.7333333333333333
13,4,0.5,0.4666666666666667
13,8,0.4732142857142857,0.4666666666666667
13,12,0.5625,0.5333333333333333
14,4,0.5,0.4666666666666667
14,8,0.45535714285714285,0.4666666666666667
14,12,0.5535714285714286,0.5333333333333333
15,4,0.5,0.5333333333333333
15,8,0.6071428571428572,0.6
15,12,0.7946428571428572,0.8
16,4,0.6607142857142857,0.6666666666666666
16,8,0.6875,0.6666666666666666
16,12,0.75,0.7333333333333333
17,4,0.8125,0.8
17,8,0.7142857142857143,0.7333333333333333
17,12,0.5,0.4666666666666667
18,4,0.20535714285714285,0.2
18,8,0.3482142857142857,0.3333333333333333
18,12,0.5,0.4666666666666667
19,4,0.3214285714285714,0.3333333333333333
19,8,0.26785714285714285,0.26666666666666666
19,12,0.4732142857142857,0.4666666666666667
20,4,0.6875,0.6666666666666666
20,8,0.48214285714285715,0.4666666666666667
20,12,0.5,0.5333333333333333
21,4,0.6607142857142857,0.6666666666666666
21,8,0.5267857142857143,0.5333333333333333
21,12,0.5535714285714286,0.5333333333333333
22,4,0.5,0.4666666666666667
22,8,0.8571428571428572,0.8666666666666667
22,12,0.5803571428571428,0.6
23,4,0.5803571428571428,0.6
23,8,0.4732142857142857,0.4666666666666667
23,12,0.5,0.5333333333333333
24,4,0.33035714285714285,0.3333333333333333
24,8,0.5,0.4666666666666667
24,12,0.5,0.5333333333333333
25,4,0.6875,0.6666666666666666
25,8,0.6517857142857143,0.6666666666666666
25,12,0.8125,0.8
26,4,0.5,0.4666666666666667
26,8,0.5,0.5333333333333333
26,12,0.7142857142857143,0.7333333333333333
27,4,0.3839285714285714,0.4
27,8,0.7410714285714286,0.7333333333333333
27,12,0.4732142857142857,0.4666666666666667
28,4,0.4017857142857143,0.4
28,8,0.48214285714285715,0.4666666666666667
28,12,0.4642857142857143,0.4666666666666667
29,4,0.7857142857142857,0.8
29,8,1.0,1.0
29,12,1.0,1.0
30,4,0.5982142857142857,0.6
30,8,0.5803571428571428,0.6
30,12,0.5267857142857143,0.5333333333333333
31,4,0.7946428571428572,0.8
31,8,0.8660714285714286,0.8666666666666667
31,12,0.7857142857142857,0.8
32,4,0.5,0.4666666666666667
32,8,0.5,0.4666666666666667
32,12,0.75,0.7333333333333333
33,4,0.5357142857142857,0.5333333333333333
33,8,0.5982142857142857,0.6
33,12,0.8660714285714286,0.8666666666666667
34,4,0.9375,0.9333333333333333
34,8,1.0,1.0
34,12,0.9285714285714286,0.9285714285714286
35,4,0.5,0.4666666666666667
35,8,0.7946428571428572,0.8
35,12,0.5803571428571428,0.6
36,4,0.5,0.5333333333333333
36,8,0.5892857142857143,0.6
36,12,0.6071428571428572,0.6
37,4,0.5,0.4666666666666667
37,8,0.2857142857142857,0.2857142857142857
37,12,0.42857142857142855,0.42857142857142855
38,4,0.5,0.5333333333333333
38,8,0.7142857142857143,0.7333333333333333
38,12,0.5,0.4666666666666667
39,4,0.5625,0.5333333333333333
39,8,0.3482142857142857,0.3333333333333333
39,12,0.5535714285714286,0.5333333333333333
40,4,0.5,0.5333333333333333
40,8,0.375,0.4
40,12,0.3482142857142857,0.3333333333333333
41,4,0.5267857142857143,0.5333333333333333
41,8,0.3571428571428571,0.35714285714285715
41,12,0.5357142857142857,0.5333333333333333
42,4,0.7857142857142857,0.8
42,8,1.0,1.0
42,12,0.6785714285714286,0.6666666666666666
43,4,0.7410714285714286,0.7333333333333333
43,8,0.7946428571428572,0.8
43,12,0.5089285714285714,0.5333333333333333
44,4,0.6517857142857143,0.6666666666666666
44,8,0.48214285714285715,0.4666666666666667
44,12,0.5982142857142857,0.6
45,4,0.5625,0.5333333333333333
45,8,0.6696428571428572,0.6666666666666666
45,12,0.6607142857142857,0.6666666666666666
46,4,0.5892857142857143,0.6
46,8,0.5,0.4666666666666667
46,12,0.5625,0.5333333333333333
47,4,0.5357142857142857,0.5333333333333333
47,8,0.5089285714285714,0.5333333333333333
47,12,0.5803571428571428,0.6
48,4,0.625,0.6
48,8,0.875,0.8666666666666667
48,12,0.4732142857142857,0.4666666666666667
49,4,0.6071428571428572,0.6
49,8,0.75,0.7333333333333333
49,12,0.8125,0.8
50,4,0.5982142857142857,0.6
50,8,0.5982142857142857,0.6
50,12,0.6428571428571428,0.6666666666666666
51,4,0.5,0.4666666666666667
51,8,0.4464285714285714,0.4666666666666667
51,12,0.5,0.5333333333333333
52,4,0.7410714285714286,0.7333333333333333
52,8,0.4464285714285714,0.4666666666666667
52,12,0.6517857142857143,0.6666666666666666
53,4,0.8571428571428572,0.8666666666666667
53,8,0.8035714285714286,0.8
53,12,0.8660714285714286,0.8666666666666667
54,4,0.5714285714285714,0.6
54,8,0.6607142857142857,0.6666666666666666
54,12,0.7946428571428572,0.8
55,4,0.5714285714285714,0.6
55,8,0.7321428571428572,0.7333333333333333
55,12,0.7857142857142857,0.8
56,4,0.8571428571428572,0.8666666666666667
56,8,0.8660714285714286,0.8666666666666667
56,12,0.8125,0.8
57,4,0.42857142857142855,0.4
57,8,0.41964285714285715,0.4
57,12,0.375,0.4
58,4,0.5982142857142857,0.6
58,8,0.41964285714285715,0.4
58,12,0.6607142857142857,0.6666666666666666
59,4,0.5,0.5333333333333333
59,8,0.6785714285714286,0.6666666666666666
59,12,0.4017857142857143,0.4
60,4,0.8571428571428572,0.8666666666666667
60,8,0.7946428571428572,0.8
60,12,0.9285714285714286,0.9333333333333333
61,4,0.6785714285714286,0.6666666666666666
61,8,0.4732142857142857,0.4666666666666667
61,12,0.45535714285714285,0.4666666666666667
62,4,0.8571428571428572,0.8666666666666667
62,8,1.0,1.0
62,12,0.7142857142857143,0.7333333333333333
63,4,0.5,0.5333333333333333
63,8,0.7232142857142857,0.7333333333333333
63,12,0.7232142857142857,0.7333333333333333
64,4,0.5,0.5333333333333333
64,8,0.8125,0.8
64,12,0.5714285714285714,0.5714285714285714
65,4,0.4464285714285714,0.4666666666666667
65,8,0.5982142857142857,0.6
65,12,0.4375,0.4666666666666667
66,4,0.45535714285714285,0.4666666666666667
66,8,0.5267857142857143,0.5333333333333333
66,12,0.4464285714285714,0.4666666666666667
67,4,0.4375,0.4666666666666667
67,8,0.4464285714285714,0.4666666666666667
67,12,0.5,0.4666666666666667
68,4,0.42857142857142855,0.4
68,8,0.6517857142857143,0.6666666666666666
68,12,0.5357142857142857,0.5333333333333333
69,4,0.5535714285714286,0.5333333333333333
69,8,0.5982142857142857,0.6
69,12,0.6785714285714286,0.6666666666666666
70,4,0.7232142857142857,0.7333333333333333
70,8,0.625,0.6
70,12,0.7410714285714286,0.7333333333333333
71,4,0.75,0.7333333333333333
71,8,0.8125,0.8
71,12,0.6160714285714286,0.6
72,4,0.7857142857142857,0.7857142857142857
72,8,0.9285714285714286,0.9285714285714286
72,12,0.9285714285714286,0.9333333333333333
73,4,0.5,0.5
73,8,0.42857142857142855,0.42857142857142855
73,12,0.5714285714285714,0.5714285714285714
74,4,0.5803571428571428,0.6
74,8,0.6428571428571428,0.6428571428571429
74,12,0.5714285714285714,0.5714285714285714
75,4,0.5,0.5333333333333333
75,8,0.45535714285714285,0.4666666666666667
75,12,0.5357142857142857,0.5333333333333333
76,4,0.5,0.5
76,8,0.3571428571428571,0.35714285714285715
76,12,0.35714285714285715,0.35714285714285715
77,4,0.5,0.5333333333333333
77,8,0.6607142857142857,0.6666666666666666
77,12,0.4732142857142857,0.4666666666666667
78,4,0.5267857142857143,0.5333333333333333
78,8,0.4642857142857143,0.4666666666666667
78,12,0.4732142857142857,0.4666666666666667
79,4,0.5,0.4666666666666667
79,8,0.4464285714285714,0.4666666666666667
79,12,0.5892857142857143,0.6
80,4,0.5892857142857143,0.6
80,8,0.8035714285714286,0.8
80,12,0.7410714285714286,0.7333333333333333
81,4,0.5089285714285714,0.5333333333333333
81,8,0.7142857142857143,0.7333333333333333
81,12,0.625,0.6
82,4,0.5,0.5333333333333333
82,8,0.5,0.4666666666666667
82,12,0.5446428571428572,0.5333333333333333
83,4,0.5535714285714286,0.5333333333333333
83,8,0.3392857142857143,0.3333333333333333
83,12,0.5,0.4666666666666667
84,4,0.7142857142857143,0.7333333333333333
84,8,0.48214285714285715,0.4666666666666667
84,12,0.6696428571428572,0.6666666666666666
85,4,0.7857142857142857,0.8
85,8,0.8571428571428572,0.8666666666666667
85,12,0.7321428571428572,0.7333333333333333
86,4,0.5714285714285714,0.6
86,8,0.5178571428571428,0.5333333333333333
86,12,0.5357142857142857,0.5333333333333333
87,4,0.5982142857142857,0.6
87,8,0.2767857142857143,0.26666666666666666
87,12,0.6517857142857143,0.6666666666666666
88,4,0.4555555555555556,0.47368421052631576
88,8,0.5,0.47368421052631576
88,12,0.5111111111111111,0.5263157894736842
89,4,0.5,0.5333333333333333
89,8,0.7232142857142857,0.7333333333333333
89,12,0.48214285714285715,0.4666666666666667
90,4,0.42857142857142855,0.4
90,8,0.4732142857142857,0.4666666666666667
90,12,0.5535714285714286,0.5333333333333333
91,4,0.5,0.4666666666666667
91,8,0.5357142857142857,0.5333333333333333
91,12,0.6160714285714286,0.6
92,4,0.7833333333333333,0.7894736842105263
92,8,0.5666666666666667,0.5789473684210527
92,12,0.6944444444444444,0.6842105263157895
93,4,0.7857142857142857,0.8
93,8,0.8125,0.8
93,12,0.8660714285714286,0.8666666666666667
94,4,1.0,1.0
94,8,0.9285714285714286,0.9333333333333333
94,12,0.7142857142857143,0.7333333333333333
95,4,0.4017857142857143,0.4
95,8,0.5357142857142857,0.5333333333333333
95,12,0.5625,0.5333333333333333
96,4,0.45535714285714285,0.4666666666666667
96,8,0.42857142857142855,0.4
96,12,0.4642857142857143,0.4666666666666667
97,4,0.5625,0.5333333333333333
97,8,0.8125,0.8
97,12,0.5446428571428572,0.5333333333333333
98,4,0.6160714285714286,0.6
98,8,0.6607142857142857,0.6666666666666666
98,12,0.7857142857142857,0.8
99,4,0.5982142857142857,0.6
99,8,0.5178571428571428,0.5333333333333333
99,12,0.5625,0.5333333333333333
100,4,0.6666666666666667,0.6666666666666666
100,8,0.08333333333333333,0.08333333333333333
100,12,0.5,0.5
101,4,0.6071428571428572,0.6
101,8,0.39285714285714285,0.4
101,12,0.5267857142857143,0.5333333333333333
102,4,0.5,0.5
102,8,0.42857142857142855,0.42857142857142855
102,12,0.5,0.5
103,4,0.7232142857142857,0.7333333333333333
103,8,0.4642857142857143,0.4666666666666667
103,12,0.5446428571428572,0.5333333333333333
104,4,0.7857142857142857,0.8
104,8,0.4166666666666667,0.4166666666666667
104,12,0.7232142857142857,0.7333333333333333
105,4,0.6428571428571428,0.6666666666666666
105,8,0.5892857142857143,0.6
105,12,0.49107142857142855,0.4666666666666667
106,4,0.4107142857142857,0.4
106,8,0.5982142857142857,0.6
106,12,0.8035714285714286,0.8
107,4,0.6696428571428572,0.6666666666666666
107,8,0.5267857142857143,0.5333333333333333
107,12,0.4642857142857143,0.4666666666666667
108,4,0.7321428571428572,0.7333333333333333
108,8,0.6696428571428572,0.6666666666666666
108,12,0.6785714285714286,0.6666666666666666
109,4,0.5,0.4666666666666667
109,8,0.45535714285714285,0.4666666666666667
109,12,0.33035714285714285,0.3333333333333333
