subject,split
1,validation
2,train
3,validation
4,train
5,test
6,train
7,train
8,test
9,train
10,train
11,train
12,train
13,train
14,train
15,train
16,train
17,train
18,train
19,validation
20,train
21,train
22,test
23,train
24,train
25,validation
26,test
27,train
28,test
29,validation
30,train
31,train
32,train
33,train
34,validation
35,train
36,train
37,train
38,validation
39,train
40,train
41,train
42,train
43,train
44,train
45,train
46,test
47,validation
48,train
49,train
50,train
51,train
52,train
53,train
54,train
55,train
56,train
57,test
58,train
59,train
60,validation
61,train
62,train
63,train
64,train
65,train
66,train
67,train
68,train
69,validation
70,train
71,test
72,train
73,test
74,test
75,train
76,train
77,train
78,train
79,validation
80,validation
81,train
82,train
83,validation
84,test
85,train
86,test
87,train
88,train
89,validation
90,test
91,train
92,train
93,train
94,train
95,train
96,train
97,train
98,train
99,train
100,train
101,validation
102,train
103,test
104,test
105,train
106,test
107,validation
108,train
109,test
