config,seed,best_val_ba,best_epoch
A,42,0.626723174366617,23
A,123,0.6379781420765027,17
A,456,0.6240452682563338,30
A,789,0.6322885618479881,30
A,2026,0.6199391455538996,30
B,42,0.6208240188772975,27
B,123,0.6051757327372081,30
B,456,0.5932221808246398,24
B,789,0.6133336438152012,29
B,2026,0.597770740188773,28
C,42,0.6214682687531048,23
C,123,0.6043063835072031,21
C,456,0.6163841281669151,27
C,789,0.6232845876800794,17
C,2026,0.6338254470938897,18
D,42,0.6277011922503726,19
D,123,0.6279262916045703,17
D,456,0.6281436289120715,28
D,789,0.6317452185792349,30
D,2026,0.6267154123199206,22
