model,subject,mean,std
Configuration D,1,0.6754940711462452,0.04493929484211376
Configuration D,3,0.4792490118577075,0.06655488618709297
Configuration D,19,0.6596837944664032,0.0625877190675213
Configuration D,25,0.6741106719367589,0.06097886854762632
Configuration D,29,0.9347826086956521,0.040670188986673315
Configuration D,34,0.8515151515151516,0.02984934027761898
Configuration D,38,0.5711462450592885,0.031620553359683785
Configuration D,47,0.5922619047619048,0.04037101180431706
Configuration D,60,0.80098814229249,0.030106735194466713
Configuration D,69,0.5535714285714286,0.044144038613664636
Configuration D,79,0.5616600790513834,0.04174594207204538
Configuration D,80,0.550592885375494,0.023377450223649513
Configuration D,83,0.5713438735177865,0.025070398778971357
Configuration D,89,0.4863095238095238,0.01730290696874838
Configuration D,101,0.5043478260869565,0.00972203468478168
Configuration D,107,0.6380952380952382,0.04951579605496528
Constrained EEGNet,1,0.7312252964426877,0.04025391413452314
Constrained EEGNet,3,0.4132411067193676,0.08875531255670319
Constrained EEGNet,19,0.6976284584980237,0.0405439490887918
Constrained EEGNet,25,0.7177865612648222,0.04664513105716027
Constrained EEGNet,29,0.9173913043478261,0.03224434124824201
Constrained EEGNet,34,0.9021645021645022,0.0205713128759118
Constrained EEGNet,38,0.558102766798419,0.012526433174146836
Constrained EEGNet,47,0.5732142857142857,0.05421243487649393
Constrained EEGNet,60,0.8274703557312254,0.04629317452354828
Constrained EEGNet,69,0.5363095238095238,0.07273117806717107
Constrained EEGNet,79,0.5895256916996047,0.03191714901026752
Constrained EEGNet,80,0.5324110671936759,0.027934906694204942
Constrained EEGNet,83,0.5849802371541502,0.03948861897764446
Constrained EEGNet,89,0.531547619047619,0.040128937596864714
Constrained EEGNet,101,0.5084980237154151,0.01983189518466732
Constrained EEGNet,107,0.5952380952380952,0.0564300155531504
