seed,epoch,train_loss,train_ba,val_loss,val_ba,config
42,1,0.7047588123308438,0.4993496242501048,0.6932696042618711,0.5127763288623944,A
42,2,0.6996483775805284,0.5001041284009018,0.6928524869730214,0.5094231246895181,A
42,3,0.6947301053492395,0.5104089139373645,0.6924072973907492,0.5068383631395926,A
42,4,0.6993621244195118,0.4951269615400897,0.6922350597248768,0.5265772478887233,A
42,5,0.6888144693282693,0.5306635949357408,0.6929200899302129,0.5430405489319424,A
42,6,0.6835702549913213,0.5479926092733681,0.6895571963700744,0.573824826130154,A
42,7,0.6751299660664848,0.5598280823030881,0.6951611960166676,0.5945650149031296,A
42,8,0.6641239182767275,0.5808632142013386,0.7295850400805142,0.5495218579234973,A
42,9,0.6660500423378183,0.5768542707666171,0.6890950984941552,0.5882078986587183,A
42,10,0.6579036961826288,0.596635764998928,0.671769252062508,0.5956982737208147,A
42,11,0.6505224288223851,0.5983586632781123,0.6727996201236268,0.6043684798807749,A
42,12,0.6440804865392996,0.6088165687745897,0.6625001971768137,0.6103452558370591,A
42,13,0.6462102979029823,0.6102752198986985,0.6630926366303956,0.5970411077993045,A
42,14,0.6489733068036851,0.601386922019094,0.6579761852128924,0.6139856557377049,A
42,15,0.6452032110163806,0.6100150695987403,0.6632210009609424,0.5932687531048186,A
42,16,0.6456595608061808,0.603365873743119,0.6682168349914231,0.602893691008445,A
42,17,0.6415245758661776,0.6134315053621004,0.6656753437432739,0.6029169771485345,A
42,18,0.6320437865406319,0.6212151886806625,0.6579377692722013,0.6221435668156979,A
42,19,0.6367063592513194,0.6240300695509438,0.656660241668935,0.6261177347242921,A
42,20,0.6351084773769652,0.6191722235954273,0.6614917689379212,0.6168188027819175,A
42,21,0.6359892482824434,0.618123087280767,0.6691658737599684,0.6059208892200696,A
42,22,0.6275404031918197,0.6297709584865672,0.6748148594726094,0.6217632265275708,A
42,23,0.6255586022457253,0.6334559089624168,0.6767887263909024,0.626723174366617,A
42,24,0.6267780912155789,0.6313875092349943,0.6804699457787537,0.6068290486835568,A
42,25,0.6272382005383109,0.6226823749195992,0.6913789097313098,0.6065573770491803,A
42,26,0.623816277839411,0.6302741888568273,0.6872702850272728,0.5901018380526577,A
42,27,0.6177529817152678,0.6302572893294678,0.685295187165146,0.6132404992548435,A
42,28,0.6214756970512842,0.6422590263960375,0.6848582070850064,0.6126971559860904,A
42,29,0.618334216939891,0.6464175050425458,0.6804776952127228,0.6107799304520616,A
42,30,0.6204066309286703,0.6373924746233965,0.6924727230350951,0.5967771982116244,A
123,1,0.7085152140250166,0.49617626855704666,0.691769283296006,0.5328489816194735,A
123,2,0.7023434550867351,0.5003344057989618,0.6924378423637666,0.5133972925981123,A
123,3,0.6944920059153117,0.5192289308983448,0.6922271681695263,0.5066287878787878,A
123,4,0.6921482397525798,0.5242190711336954,0.6931188470141801,0.49557563338301047,A
123,5,0.6848151329627276,0.5385495289299425,0.6923764806271928,0.5274543591654247,A
123,6,0.6827741684427465,0.5486535685656501,0.6931813722865495,0.5371646795827124,A
123,7,0.6817132850993003,0.5500313068011892,0.684524570168891,0.5513304148037754,A
123,8,0.6671253116793219,0.5828508717424881,0.689611353748024,0.5667303154495777,A
123,9,0.6658008425269878,0.5792171319556065,0.6710829588696153,0.6089713735717834,A
123,10,0.6562825074991286,0.6035065324354848,0.6815322931430466,0.5690589294585197,A
123,11,0.6491512475465078,0.5985165629024307,0.6641867039595474,0.6030101217088922,A
123,12,0.6501511619901086,0.607396325667207,0.6801879293075179,0.5648441381023348,A
123,13,0.6529307489572057,0.6010031832564262,0.6651001504536791,0.6102598733233979,A
123,14,0.6476009707857634,0.6047391737189476,0.6648175545389606,0.605074826130154,A
123,15,0.6448313334236847,0.6132437328358841,0.6595976965341064,0.6223919523099851,A
123,16,0.6364588453394956,0.6260219946495071,0.6557177257072959,0.6084280303030303,A
123,17,0.6450641980792499,0.6090043413008062,0.6570077397365092,0.6379781420765027,A
123,18,0.6449062400591363,0.6047436119786581,0.654817793860741,0.6124021982116244,A
123,19,0.6349057633557098,0.61298785009334,0.6518291938935814,0.6227101962245405,A
123,20,0.6285016282308948,0.6344070621588515,0.6601224647923101,0.6124410084451068,A
123,21,0.6314074523679492,0.6186433878806832,0.6583479197908577,0.5899233109786388,A
123,22,0.6319758165415498,0.6223326059139469,0.6524539905338235,0.6195510432190761,A
123,23,0.6279010549122361,0.6243200927527999,0.6561610936122353,0.6064254222553402,A
123,24,0.6263884611900111,0.627237565703314,0.6558251078746445,0.5764716840536512,A
123,25,0.6226343560246672,0.6351448374845856,0.6532970195361166,0.6067514282165922,A
123,26,0.6264047888054542,0.6362112147311985,0.6557328971647619,0.5856541852955788,A
123,27,0.6269214358066488,0.637558909362543,0.6514658086147149,0.5988807128663686,A
123,28,0.6184203385296809,0.6499745994982717,0.6586954067344453,0.6111757948335816,A
123,29,0.6243036473803865,0.630999332212616,0.6606954361070829,0.5710072031793343,A
123,30,0.6177094605210717,0.6322405086109066,0.6559193316940478,0.6127126800794833,A
456,1,0.7068227981740955,0.49690977632536676,0.6940003171936715,0.4999456656731247,A
456,2,0.6981175036030557,0.5001939178088926,0.6930763630149757,0.5162692498758072,A
456,3,0.6970514686630721,0.5168875781987221,0.6914960160892986,0.5277105067064083,A
456,4,0.6897130000323118,0.5282065060790502,0.688941070794395,0.5372966343765524,A
456,5,0.6859263712608288,0.5446226045346724,0.6854167927606524,0.5693926974664679,A
456,6,0.6836790030301401,0.5531276757584986,0.6861142311919698,0.5504610655737705,A
456,7,0.675887710338373,0.5713904316583114,0.6868214761646345,0.5544352334823646,A
456,8,0.6712370631362554,0.5855080236907475,0.6873060684018149,0.5574934798807749,A
456,9,0.6693579644060539,0.5766664982404007,0.6783580995867844,0.5524947218082464,A
456,10,0.6582017163766465,0.587922095568705,0.6721312523220243,0.5698817064083457,A
456,11,0.6562380895884874,0.5905749799595503,0.6700656458859988,0.5748494162940885,A
456,12,0.6557744321438641,0.5909332840800308,0.6707986661318617,0.5750201813214109,A
456,13,0.6486588445735054,0.6035492080096249,0.6716948591567016,0.5864847242921014,A
456,14,0.6303790382847185,0.6249429854329489,0.6787165325332153,0.604810916542474,A
456,15,0.6428441138181149,0.6104756243948604,0.677333796256764,0.5587198832588176,A
456,16,0.6427611716128635,0.6137983445974089,0.6753576260091203,0.570968392945852,A
456,17,0.6415646502646375,0.6118960382045395,0.6823713688133155,0.5666992672627919,A
456,18,0.6355539025391119,0.6236377956734478,0.6757749279229421,0.6034913686040735,A
456,19,0.6378408086568056,0.6175387733196407,0.6817996173183898,0.5645181321410829,A
456,20,0.6383421825032258,0.6059206043134422,0.6801360737646522,0.6131163065077,A
456,21,0.6277424358604179,0.6398323225481346,0.6741707680285143,0.5945184426229508,A
456,22,0.6283209081146057,0.6238510028418518,0.6886144019767102,0.5662568306010929,A
456,23,0.6206189747306641,0.6370642141071109,0.6795482338304971,0.6033361276701441,A
456,24,0.6235700642508859,0.635345412683044,0.6787248791758397,0.5727614257327371,A
456,25,0.6226918938527009,0.6292293200995809,0.6720401395662249,0.5465334699453552,A
456,26,0.6195974369652258,0.6370642141071109,0.6698869556437628,0.5634780178837556,A
456,27,0.6229250448125515,0.6429414941776861,0.6723379726861513,0.6080244038748137,A
456,28,0.6211142085325011,0.629527878416265,0.67834431248455,0.6206610158966717,A
456,29,0.6203187842693657,0.6382029691274654,0.6742634469420132,0.6150723422752111,A
456,30,0.6141622372443934,0.6404847467255885,0.6717447910800286,0.6240452682563338,A
789,1,0.7019631770525695,0.5086257577474944,0.6912795547655366,0.5222227396920021,A
789,2,0.6994674124809653,0.5012901679574037,0.6909342959398679,0.5380961251862891,A
789,3,0.6933184278801872,0.5199368333221808,0.6896951947371608,0.5706656731246895,A
789,4,0.6905859885701929,0.5175825072480196,0.6879022757323008,0.5430250248385494,A
789,5,0.6906898743117932,0.5265175775568814,0.6878120756414939,0.5526577247888723,A
789,6,0.6811684552877227,0.5451901896707357,0.6852591771601302,0.5751521361152508,A
789,7,0.6796209078903543,0.5636195510119915,0.6828936542641154,0.5806166169895678,A
789,8,0.673522061034667,0.5708021915443642,0.6745160856286795,0.570968392945852,A
789,9,0.6650492404588927,0.5904894581089737,0.6739410407695929,0.5871522603079979,A
789,10,0.661769302327348,0.593313215498676,0.6701438418669953,0.621701130153999,A
789,11,0.6528550022845724,0.5988533585335444,0.6683862733973767,0.6085987953303527,A
789,12,0.6559830616692719,0.5883700183948795,0.6611223350328324,0.6197839046199702,A
789,13,0.653408099345704,0.6132821408526101,0.6628257768399868,0.6319780799801291,A
789,14,0.6463536635463502,0.6147023839599928,0.6582803462209144,0.6284618728266269,A
789,15,0.6437452867857866,0.6103947115062907,0.663841770053906,0.620435916542474,A
789,16,0.637631138026488,0.6134784484936546,0.6723661065765743,0.6031653626428217,A
789,17,0.6371338432934979,0.6207119583104024,0.6736660782341174,0.6243247019374069,A
789,18,0.635703463165028,0.6186220500936132,0.6829535504569583,0.5903735096870343,A
789,19,0.6317248548501561,0.6316389537178277,0.6838592000326407,0.5722258445106806,A
789,20,0.6332556870712929,0.6191679560380133,0.6842187350838962,0.6183479259811226,A
789,21,0.6350588882801792,0.633733129492031,0.6872272009969089,0.6012947093889718,A
789,22,0.6282209901304019,0.6318181911292162,0.6867733069781141,0.6087307501241928,A
789,23,0.6209804543339994,0.6288539457494445,0.7013303723839996,0.623998695976155,A
789,24,0.6251472732737299,0.6455943785685314,0.7174982073247267,0.6140011798310979,A
789,25,0.6230370992288023,0.6310845126585996,0.6976442773694116,0.5900397416790859,A
789,26,0.6163432897617341,0.6337119624072575,0.7250084385566392,0.6249767138599106,A
789,27,0.6174920767920079,0.6384887247719075,0.7109246041449332,0.6236028315946349,A
789,28,0.6131958250514673,0.6444172155314509,0.7449967992338962,0.556049739195231,A
789,29,0.6190911081670983,0.6305258040419572,0.7233950557150881,0.6133336438152012,A
789,30,0.6069909349680295,0.652537865183423,0.7309588946007752,0.6322885618479881,A
2026,1,0.7029190326586753,0.49715712395308287,0.696434268380274,0.5023519001490313,A
2026,2,0.695145457382269,0.5224447914632464,0.6944794188302872,0.49781886487829113,A
2026,3,0.698436567719276,0.4938007753981119,0.6936270546448264,0.5056662940884252,A
2026,4,0.694647739391873,0.5111550536756301,0.6933031935545727,0.4954436785891704,A
2026,5,0.6939573700651592,0.5174889623895045,0.6926034669026027,0.5177129905613512,A
2026,6,0.6880822220706745,0.5310982029827837,0.6898985679435199,0.5737006333830104,A
2026,7,0.6810581624211883,0.557123816520978,0.6894970386805308,0.5377468330849479,A
2026,8,0.679993401310648,0.565624278782797,0.6831047050136045,0.5779309488325882,A
2026,9,0.6692046952672497,0.5723033475403165,0.6759949137241396,0.5709994411326378,A
2026,10,0.6596087118076923,0.5923874969444289,0.6795770502688161,0.5780706656731247,A
2026,11,0.6612656565218198,0.5956590064580093,0.6668116025273846,0.6125729632389468,A
2026,12,0.656532905741181,0.5947759634779022,0.6688643322017531,0.6023969200198709,A
2026,13,0.6483064520230183,0.6066073396525047,0.6646600900254209,0.5593253229011426,A
2026,14,0.645525217578664,0.6087016861290044,0.6572710335420698,0.6099105812220567,A
2026,15,0.645821300630433,0.6008152400279132,0.6626454359309587,0.5931678464977646,A
2026,16,0.6440162240605657,0.6036985725191153,0.6659399390552702,0.5805389965226031,A
2026,17,0.6437753525492116,0.6220212449250208,0.6596026090194256,0.5929349850968704,A
2026,18,0.6418425435738504,0.6154915406769916,0.6576452285134361,0.6195122329855937,A
2026,19,0.6395225435921995,0.6247338751196623,0.6745180031051211,0.5826735593641332,A
2026,20,0.6339898922796525,0.6258598274677749,0.6814267562292412,0.5969945355191257,A
2026,21,0.6290494203045115,0.6283123073624584,0.6603313970034501,0.6069842896174864,A
2026,22,0.6291216114373225,0.6265977734958055,0.6563706167229039,0.6169973298559364,A
2026,23,0.6281978639983796,0.633741664606859,0.6702112545542066,0.6114629905613512,A
2026,24,0.6198875540326013,0.6309950646552018,0.6637138958428895,0.6184798807749627,A
2026,25,0.6223732063793279,0.6323470268439604,0.6812533613367001,0.6012481371087929,A
2026,26,0.6220245886851987,0.640663984136977,0.6841180020720181,0.5704250496770988,A
2026,27,0.6194709835434182,0.635584225195932,0.6809188345016544,0.6124565325384997,A
2026,28,0.6143384925148273,0.6403654258202929,0.6841470501217005,0.6148705290611028,A
2026,29,0.6162358733634659,0.6445920146831288,0.6848960163533522,0.6143815201192251,A
2026,30,0.6212510938467494,0.6366803046421465,0.6761117119310958,0.6199391455538996,A
42,1,0.7049413661388427,0.5028130031450191,0.6936070955563388,0.5089185916542474,B
42,2,0.7038223309158895,0.5011022247288907,0.69304875875914,0.5195681197218083,B
42,3,0.697800815366633,0.500599165060927,0.6928931748634594,0.504168219076006,B
42,4,0.7021159560332826,0.48492920634357045,0.6926500622940595,0.5103933805265772,B
42,5,0.694854089975566,0.5045869414108749,0.6926858986320602,0.503578303527074,B
42,6,0.6956053393959059,0.5194890811983028,0.6926045992248238,0.5172860779930453,B
42,7,0.6944728301625276,0.5118844645888327,0.6924410885755066,0.5177285146547441,B
42,8,0.6936252487879415,0.5114962875664544,0.6926916412656353,0.5238605315449578,B
42,9,0.6915758997419582,0.5290769170892118,0.6926076045275399,0.5187220566318927,B
42,10,0.688815429288673,0.531188163093071,0.6926984499756008,0.5241632513661203,B
42,11,0.6919241554723857,0.5243510240089366,0.6919959431571217,0.5279899403874814,B
42,12,0.6885216419124965,0.5378330913912783,0.6923555283493318,0.5092911698956781,B
42,13,0.687031362929471,0.5482612946881542,0.6920331352932539,0.5259252359662195,B
42,14,0.6879490200553134,0.5409123901189317,0.6918645335107129,0.5408749379036264,B
42,15,0.6885670628110254,0.5346300334986187,0.6907576726007595,0.5530225409836065,B
42,16,0.6890796193629373,0.5272514267297946,0.6907055158801065,0.5495839542970691,B
42,17,0.6820332064567307,0.5545351161936393,0.6884209726182199,0.5798404123199206,B
42,18,0.6813894716264768,0.5516009144180622,0.68580591861252,0.5625776204669648,B
42,19,0.6767093933642068,0.5638797013119496,0.685998723201433,0.5750357054148038,B
42,20,0.6746474896262968,0.5632614175938078,0.6805683057288273,0.5858016641828117,B
42,21,0.6700175626912452,0.5790891052331861,0.6786419928571972,0.571643691008445,B
42,22,0.6684448505193212,0.5798398539334588,0.6753050424262341,0.5990825260804769,B
42,23,0.6635292727035491,0.5821641364034256,0.6726267229879799,0.5974292101341281,B
42,24,0.6623117283112885,0.5868686916966306,0.673015565427233,0.5865545827123696,B
42,25,0.6634572577553118,0.5793620582053862,0.6721857181830658,0.5672038002980626,B
42,26,0.6562160587679946,0.5948954550854946,0.6683649922147766,0.6057889344262295,B
42,27,0.6533996098194073,0.6007430329564682,0.6664171602400565,0.6208240188772975,B
42,28,0.6532401795314831,0.606436808058241,0.6636687258159882,0.6164074143070044,B
42,29,0.6413028341199165,0.6213688207475668,0.6641373639319268,0.6057501241927472,B
42,30,0.6492635542768991,0.6080188769427628,0.6683626125117862,0.6091266145057128,B
123,1,0.7107746252148534,0.4918470876139779,0.6912485767871889,0.5428464977645305,B
123,2,0.7067889850842406,0.49153145906763773,0.6911586868397704,0.5287583830104322,B
123,3,0.7013930027296137,0.49319922050503295,0.6916441930701805,0.5330740809736711,B
123,4,0.6953084804389758,0.5168361968074574,0.6921453045935352,0.5282150397416792,B
123,5,0.6944347671204549,0.5257415649167178,0.69165102369606,0.5331284153005464,B
123,6,0.6933731088818008,0.5161366587961528,0.6919745495724479,0.5200804148037754,B
123,7,0.6954932719199169,0.516934179925683,0.6918306905247043,0.5403315946348733,B
123,8,0.6913739487924946,0.5281086936631211,0.6912125008684015,0.5110686785891704,B
123,9,0.6905200897062727,0.5218603067998235,0.6914287368899268,0.5203055141579732,B
123,10,0.6914679025161904,0.5215914506827408,0.6907593724123283,0.5194749751614506,B
123,11,0.6906586132863095,0.5206105952867047,0.6911910415359859,0.5182640958768008,B
123,12,0.6864800327986679,0.5308551229124816,0.6909380174944992,0.5241166790859414,B
123,13,0.6894087950597546,0.5270168817743206,0.6929143414855999,0.5118526453055141,B
123,14,0.6822716237995105,0.5537672972637104,0.6903293413372092,0.5273922627918529,B
123,15,0.6807418335016938,0.5531915184174122,0.6903563198272896,0.5198475534028812,B
123,16,0.6756875303242244,0.5665412915199196,0.6880844818184303,0.5526887729756582,B
123,17,0.6798343237575438,0.5674965415714717,0.6907215782526808,0.5621429458519622,B
123,18,0.6775212800541086,0.5675733576049239,0.6947238908504709,0.5479073522106309,B
123,19,0.6723951006228207,0.5678633808067801,0.6935073132302436,0.5882001366120219,B
123,20,0.6649707056018229,0.5892015092814253,0.6942032489271881,0.5861664803775459,B
123,21,0.6656012262233753,0.5789356438685783,0.7094714018959853,0.5989117610531545,B
123,22,0.6650492462748294,0.5809700738389854,0.7167558766341143,0.5804769001490313,B
123,23,0.6635573802550147,0.5865315546609238,0.7106577546483627,0.5869814952806756,B
123,24,0.6557374322167134,0.5964138520133995,0.724931074052136,0.5707976279185295,B
123,25,0.6530300627979242,0.5950787893520004,0.722171511490697,0.584295827123696,B
123,26,0.6543520125352323,0.6004443039374875,0.7281128611405248,0.5614521236959762,B
123,27,0.6533955679001113,0.6010584908005119,0.7196558755420377,0.5953489816194735,B
123,28,0.648695644738902,0.6044066456452479,0.7035297080666906,0.5998276825633383,B
123,29,0.647340236805769,0.5949637360041187,0.7129836675184351,0.5955119846000994,B
123,30,0.6424900711435969,0.6096996117546967,0.7130833057307931,0.6051757327372081,B
456,1,0.7076279301758994,0.5132956604744978,0.6934748625688898,0.5027943368107303,B
456,2,0.7022227744522619,0.4985133536992553,0.6929062204772716,0.5100052781917536,B
456,3,0.7020246829166072,0.5090738512759655,0.6925875255656442,0.512621087928465,B
456,4,0.6947567142696364,0.514899749955276,0.6918307071276694,0.4998447590660705,B
456,5,0.69282278865184,0.5129972728601102,0.69188664899231,0.5030582463984103,B
456,6,0.6948018186871782,0.5156207964559472,0.6914038017267636,0.5319020119225037,B
456,7,0.690423396676387,0.535674902255865,0.6902425106521436,0.5274310730253353,B
456,8,0.6901809419591003,0.5286972751816614,0.6894373672918357,0.5406498385494287,B
456,9,0.6895222055992117,0.528795258299887,0.6883196037127779,0.5492967585692995,B
456,10,0.6866530469032954,0.541500971637472,0.6869133920058567,0.5462385121708893,B
456,11,0.6831147111789058,0.5486064547317994,0.6855166698896785,0.5548233358171883,B
456,12,0.6834742184483514,0.5431301543558447,0.684921981730501,0.5468827620466965,B
456,13,0.6787987934404252,0.5569147062076915,0.6850793532674359,0.5485283159463488,B
456,14,0.676296352086414,0.554432694815703,0.6832159835648072,0.548862083954297,B
456,15,0.6748116799972227,0.5686776307613732,0.6838850892021795,0.5346497764530551,B
456,16,0.6752746542259994,0.5736169017123489,0.6819416888909088,0.5537599354197715,B
456,17,0.6740014264188661,0.5693476372753729,0.6829256785613249,0.5455244038748137,B
456,18,0.6675267332205465,0.575651331682756,0.6822600108999396,0.5485283159463488,B
456,19,0.6673860874330653,0.5872693299866578,0.6790328674993807,0.569656607054148,B
456,20,0.6661898563244592,0.5758006961922463,0.6814649440451916,0.5549242424242424,B
456,21,0.6591701046994929,0.5998130468448071,0.6756726148068739,0.5776903253849975,B
456,22,0.6581137639508762,0.6014379620057656,0.6741773079364745,0.5532010680576254,B
456,23,0.6476015718819765,0.6114568211954896,0.6767097917439878,0.5863372454048683,B
456,24,0.655442680735843,0.6009774072096457,0.6760555937429656,0.5932221808246398,B
456,25,0.6535038178579312,0.5967719854315832,0.6759374648083551,0.5673047069051168,B
456,26,0.6515439109707519,0.6019114901764242,0.6742152126718697,0.5795997888723299,B
456,27,0.653454345567443,0.6000434949451636,0.6742785863557565,0.5773565573770492,B
456,28,0.6539582822742847,0.5914407820077048,0.676151849931329,0.5801508941877794,B
456,29,0.6531970258383175,0.5926264801596135,0.6804080026063415,0.5813074391455539,B
456,30,0.6429272307800752,0.6121689911767396,0.6792326021659341,0.5882544709388972,B
789,1,0.7035961799582577,0.5053115726597739,0.6911899065572903,0.5340055265772479,B
789,2,0.7039604663256835,0.4999423026237626,0.691234698036587,0.5287118107302533,B
789,3,0.6981406859093648,0.5165675113926713,0.6905984722472167,0.5275086934923,B
789,4,0.6955559422424443,0.5101996329217815,0.6903663969969683,0.5221063089915549,B
789,5,0.696385630922571,0.5083912127920204,0.6902897998815127,0.5264297690014903,B
789,6,0.6933020395630812,0.5161238561239108,0.6897918100476597,0.5218346373571784,B
789,7,0.6944484516016196,0.5186528106474533,0.6895561659900591,0.5241787754595132,B
789,8,0.6932247965578932,0.5174544805255992,0.6898642755152455,0.5338502856433185,B
789,9,0.6894540918907713,0.5388991272332981,0.6899706629989539,0.5479539244908097,B
789,10,0.6874330184837897,0.5392661371709031,0.6900074624749611,0.5386161823149528,B
789,11,0.68352503019782,0.5476809068798488,0.6889713393280433,0.5435295578738202,B
789,12,0.6868377810606927,0.5449810793574492,0.687945413390242,0.5433587928464978,B
789,13,0.6870281067188463,0.5290511410424311,0.6872581258457683,0.5597522354694485,B
789,14,0.6825828068687524,0.5415646435940891,0.6865110697852536,0.5518271857923498,B
789,15,0.6812213181996604,0.5557247404983687,0.6858839907353967,0.562647478887233,B
789,16,0.6779241275794319,0.5684091160488837,0.685692721588698,0.5760835817188277,B
789,17,0.6769650396881416,0.5579812541566009,0.6839922414184613,0.579405737704918,B
789,18,0.673533469812932,0.575915749540128,0.6829270637467046,0.5628570541480378,B
789,19,0.6755108684083714,0.5736807443712625,0.6826268119068198,0.5469448584202683,B
789,20,0.6716843298607809,0.5630140699660917,0.6811202671534504,0.5751987083954297,B
789,21,0.6705507178805288,0.5828805739420896,0.6802439279542992,0.5776592771982116,B
789,22,0.6676426146972817,0.5741670752141631,0.6790008598051364,0.5912118107302533,B
789,23,0.6631525295399937,0.5896067565334597,0.67795905744797,0.5860733358171883,B
789,24,0.6616092391819276,0.5878708848797368,0.6769724534746664,0.5815868728266269,B
789,25,0.6588326731760391,0.5944859402760461,0.6741904616355896,0.5922984972677596,B
789,26,0.6578078227122555,0.6036516293875611,0.679028510715304,0.5865002483854942,B
789,27,0.6533852136695799,0.593731094720656,0.6736694713820987,0.5726682811723796,B
789,28,0.6525900687803624,0.5989387096818246,0.6773352136518962,0.5782414307004471,B
789,29,0.6563541993842709,0.5921701929209074,0.6690266427887516,0.6133336438152012,B
789,30,0.6458083584125439,0.6090255083855796,0.6678053014457724,0.6045858171882762,B
2026,1,0.7038522545719509,0.4933269058228602,0.6938239586718568,0.5026701440635867,B
2026,2,0.6973973951108478,0.5086472662368611,0.6934011005757579,0.5004967709885743,B
2026,3,0.7023968768509863,0.49388168828668155,0.693114630359129,0.5283004222553402,B
2026,4,0.6972178455127668,0.5013325021269506,0.6930761916723756,0.5237052906110283,B
2026,5,0.694574013844311,0.5210588595174724,0.6926660901324663,0.5259485221063089,B
2026,6,0.6925315532007309,0.5119397721329184,0.6923609867401442,0.5212990561351217,B
2026,7,0.6940617882784019,0.5178810655647037,0.6922479459502239,0.5253353204172876,B
2026,8,0.6915757235747975,0.5184356773262284,0.6914921467682777,0.5328877918529558,B
2026,9,0.6926390812858796,0.5195145158404904,0.6914985674669484,0.5481790238450075,B
2026,10,0.6891070248228814,0.523340466413299,0.6912485737986551,0.5499410084451068,B
2026,11,0.6926860694574606,0.5136759851912344,0.6913254373917008,0.5482876924987581,B
2026,12,0.6885991871896766,0.5350265749335286,0.690667333377105,0.5527353452558371,B
2026,13,0.6890479244233013,0.5299425484350696,0.6907822393441266,0.5465179458519622,B
2026,14,0.6844875534271031,0.5588513237621693,0.6905164535995313,0.5532864505712867,B
2026,15,0.6849295981369832,0.5417140081035794,0.6901889660896365,0.5409525583705912,B
2026,16,0.6825099859083044,0.5476341344505913,0.6905393817962711,0.5436304644808743,B
2026,17,0.6766847539393831,0.5611540977427694,0.6904466894343703,0.5470069547938401,B
2026,18,0.6802642622643175,0.5509310786063591,0.6902249232972233,0.5674444237456533,B
2026,19,0.6770012599489266,0.5726486782862582,0.6894975307924169,0.5641688400397417,B
2026,20,0.6695843602250691,0.5823090626532053,0.6933813835585018,0.5461220814704422,B
2026,21,0.6692040621311456,0.5757836259625903,0.6882511897007403,0.5846994535519126,B
2026,22,0.6612883146798928,0.5952025485170067,0.6874258853598889,0.5779852831594635,B
2026,23,0.66339009096495,0.5913765979441981,0.697883627540886,0.5593874192747144,B
2026,24,0.6619422967378904,0.5848001212669114,0.6940787029465593,0.5810901018380527,B
2026,25,0.6579623113519923,0.5889242887518111,0.6907480176444837,0.5903424615002484,B
2026,26,0.6582027378048843,0.5942257899760881,0.6993887555632419,0.5566551788375559,B
2026,27,0.6506904132213642,0.6023124698710447,0.6934293553357669,0.5957293219076005,B
2026,28,0.6424780025525362,0.6119984595824759,0.6949733203500095,0.597770740188773,B
2026,29,0.6467451111740304,0.601365584232024,0.6971604626490877,0.5953567436661699,B
2026,30,0.6512089080187858,0.6072044562858732,0.7004551792875305,0.5880837059115748,B
42,1,0.700021668080172,0.5018616792462879,0.6954243619793969,0.5067685047193244,C
42,2,0.6933633878918514,0.5035801392657616,0.6937157553218534,0.5026856681569797,C
42,3,0.6862648778967505,0.5419789380678413,0.6863696266349644,0.5379408842523596,C
42,4,0.677080032684773,0.5649119380992504,0.6832975057838355,0.5865468206656731,C
42,5,0.6628527348235863,0.5907286120264548,0.6781126214269144,0.5607457774465971,C
42,6,0.6491504775965872,0.6025384797116906,0.6829909987768423,0.5980268877297565,C
42,7,0.6400617032659844,0.6075371550618693,0.6882295010813764,0.5883864257327373,C
42,8,0.6329592013965042,0.6307518138826033,0.6959700929753295,0.5504300173869846,C
42,9,0.6344271032670211,0.6146684142029772,0.7195175409649076,0.5948754967709886,C
42,10,0.6239692973456743,0.6318181911292162,0.7205071489126902,0.6140943243914556,C
42,11,0.6219545185409232,0.6338184806403111,0.7118219932473802,0.5986168032786885,C
42,12,0.6099285476220967,0.6409410339642946,0.7437272701090757,0.6209870218579234,C
42,13,0.6108344722448856,0.6484135269962268,0.7405701532005268,0.5678558122205664,C
42,14,0.6102194586867239,0.64627684635018,0.7747043646809783,0.598624565325385,C
42,15,0.6095117736099549,0.6549092614872404,0.7599981931922828,0.5846839294585197,C
42,16,0.6158732432146153,0.6341853198756195,0.7731138909427568,0.6043684798807749,C
42,17,0.5972018918028499,0.6617930022983358,0.814756850014158,0.6151965350223547,C
42,18,0.5915902587464077,0.6540391918816719,0.8375126123428345,0.6137760804769001,C
42,19,0.5905953879040164,0.6720846437579633,0.8275854599177007,0.6014732364629906,C
42,20,0.5919941521303855,0.665942945830016,0.8379284344343754,0.6141408966716344,C
42,21,0.5863145988759958,0.6695384483024681,0.8055745323388357,0.605796696472926,C
42,22,0.5831586308309359,0.6798471599917517,0.8529169584383207,0.607224913065077,C
42,23,0.5787314091061696,0.6791390868656191,0.8335113729607097,0.6214682687531048,C
42,24,0.5742192411506312,0.6762815304211977,0.8560270222116646,0.6185730253353203,C
42,25,0.5741924171015216,0.6832378197083313,0.8805672924830721,0.5870901639344263,C
42,26,0.5741184153927372,0.6785035622155247,0.8557909580990465,0.573972305017387,C
42,27,0.5712714217540085,0.6879294016269977,0.8790690013957223,0.621142262791853,C
42,28,0.5691115096442155,0.6903007979308151,0.8810317723863968,0.6028393566815697,C
42,29,0.5628538401092732,0.6896908786252047,0.8990587113959544,0.5990825260804769,C
42,30,0.5676022161352262,0.6872426662879352,0.9005164884259109,0.6011938027819175,C
123,1,0.7054730106472725,0.48080060059896024,0.6908403581895536,0.5350456408345753,C
123,2,0.6936299450175302,0.5089966938379202,0.694798499096735,0.5141502111276701,C
123,3,0.6844500549139769,0.5401148689894014,0.6960541089597186,0.5096094138102335,C
123,4,0.676636354462849,0.5618964820305107,0.6982630087804661,0.5420780551415797,C
123,5,0.6584752980742649,0.5900502410999237,0.6996643631239123,0.5279588922006955,C
123,6,0.648179940093584,0.6063215840080627,0.7524625049660133,0.5385618479880775,C
123,7,0.6435094319029298,0.6095630499174484,0.722664643961075,0.5965132886239444,C
123,8,0.6271719144792749,0.6396829580386443,0.7338941774660498,0.5936490933929459,C
123,9,0.6289895578082667,0.631532435484774,0.7313353794530906,0.6027384500745157,C
123,10,0.6177581109361205,0.6372816888329289,0.7485424924361672,0.5840396795827124,C
123,11,0.6122880625752654,0.64315470134609,0.708355023170248,0.578419957774466,C
123,12,0.6105131207938923,0.6504351542943918,0.730902515580063,0.5621662319920516,C
123,13,0.6093691352721093,0.6558305417817769,0.7216748674931964,0.5967228638847492,C
123,14,0.600516902296438,0.6481021660073005,0.7311592719681084,0.5921820665673124,C
123,15,0.6098294211973267,0.6449844592629211,0.7257024049758911,0.5832091405861898,C
123,16,0.5975395073989592,0.6686641111394855,0.7364923741492057,0.6033904619970194,C
123,17,0.5913267797835905,0.6715728782728752,0.7144929849669794,0.5932221808246398,C
123,18,0.5885548994550223,0.6631622054190469,0.7257845592698015,0.593765524093393,C
123,19,0.5858004877973362,0.6734878166356899,0.7319359684721009,0.6002545951316443,C
123,20,0.5821164038806083,0.6745285885378187,0.7342818377741864,0.5918560606060606,C
123,21,0.5857381003661494,0.6669495772728328,0.7388534909503374,0.6043063835072031,C
123,22,0.5725996698199257,0.6852509118916683,0.7171002355790735,0.5887900521609538,C
123,23,0.5718084838771347,0.6805934704323138,0.7595138355549995,0.5752219945355191,C
123,24,0.5714889941701685,0.6777999273491027,0.7344727469686014,0.5753384252359662,C
123,25,0.5572647842057017,0.696357144710482,0.7593141098540473,0.5553356308991555,C
123,26,0.5594686208379362,0.6901983765528787,0.7325952390110261,0.5729399528067561,C
123,27,0.5667297494470672,0.6897506244290008,0.732628194568549,0.5933153253849975,C
123,28,0.5566757269467034,0.6987114707846434,0.7258932715006857,0.599610345255837,C
123,29,0.5516954200974062,0.6926679266772183,0.7731362622760465,0.5696022727272727,C
123,30,0.5582311172740277,0.6955681586957798,0.7199834797707773,0.5828908966716344,C
456,1,0.700042546474547,0.4977883810457633,0.6940891936960991,0.49712028067560854,C
456,2,0.6890507581775174,0.529682568837408,0.6935733098505599,0.49534277198211624,C
456,3,0.6818399035439587,0.5486706387953061,0.6899753030296155,0.5265850099354198,C
456,4,0.6705261051672229,0.5708827630283406,0.686290071701273,0.5408671758569299,C
456,5,0.6550453811091635,0.5968315605330827,0.6887974934989696,0.5182796199701938,C
456,6,0.6504351746224535,0.6051017453968419,0.6882810695589751,0.5833410953800298,C
456,7,0.6374748209537625,0.6141266051136945,0.6888641314918285,0.5780939518132141,C
456,8,0.6364995285568271,0.6198461562622479,0.679984411323303,0.5790253974167909,C
456,9,0.6304425810151654,0.6267597699752413,0.6735236558409454,0.6047488201689022,C
456,10,0.6260005125970197,0.6411629469498231,0.6832125464189683,0.5591700819672132,C
456,11,0.6239280512275105,0.6235183040658556,0.6813383771516487,0.5611338797814207,C
456,12,0.6224274797255694,0.6415425888573735,0.6774102401268516,0.592469262295082,C
456,13,0.6085662048635446,0.6432697546939717,0.684608712335815,0.6034913686040735,C
456,14,0.6066434331153382,0.6512499163558747,0.6853555694928076,0.6024124441132638,C
456,15,0.6096225401618973,0.6517999191553924,0.6813210732093429,0.5683448211624441,C
456,16,0.6009918985191298,0.6534932859372717,0.6886465132734569,0.601201564828614,C
456,17,0.6056734685865788,0.6460976089387915,0.6923731769691935,0.587198832588177,C
456,18,0.5991214055643074,0.6610253540707036,0.677283832455744,0.6078614008941878,C
456,19,0.5992584505730333,0.6613964608634259,0.692148620371699,0.5664896920019871,C
456,20,0.5908991260170553,0.6681521749521009,0.6901808777891494,0.5961096621957278,C
456,21,0.5892919677062373,0.6680202220768597,0.6825297504746483,0.60523782911078,C
456,22,0.5784868935273817,0.6837154447341072,0.6943031821742364,0.5853359413810233,C
456,23,0.5776888648912707,0.6849566211323981,0.7009604144893317,0.6010928961748634,C
456,24,0.5880729543198071,0.6614263337653239,0.6913685644237444,0.6061615126676603,C
456,25,0.5808582049937336,0.6741361439580263,0.6893869665007737,0.5861587183308494,C
456,26,0.5747486635185005,0.6776505628396122,0.6869849750258464,0.5983994659711873,C
456,27,0.5786118750470512,0.6730016564950858,0.6748203769699777,0.6163841281669151,C
456,28,0.5745342396833101,0.688522250702952,0.6867251487495507,0.5989738574267263,C
456,29,0.5811189743220858,0.6700928893616963,0.6814534202591622,0.6000915921510184,C
456,30,0.5720971685350202,0.6808621558471,0.7004820085169545,0.6060683681073026,C
789,1,0.6983251615361864,0.5185334897421576,0.6894844767110926,0.5444998137108793,C
789,2,0.689787165170659,0.5287655561002855,0.6877565093359244,0.5446938648782911,C
789,3,0.6837974819843092,0.5550893865505708,0.686170360338057,0.5578582960755092,C
789,4,0.677238661958013,0.5522745056802896,0.683398387060192,0.5799646050670642,C
789,5,0.6707647470504333,0.5749688639011074,0.6789592114331663,0.6006194113263785,C
789,6,0.6532674188541454,0.6005723306599078,0.685460552863756,0.5527353452558371,C
789,7,0.6441674049472447,0.614753594648961,0.6832912702082259,0.5908702806756085,C
789,8,0.6393579765261874,0.6141353109308192,0.6661311021090218,0.597048869846001,C
789,9,0.6263388863718722,0.6438583362125121,0.6745930294140468,0.5884562841530054,C
789,10,0.6271271834657653,0.6284147287403946,0.6708506496835884,0.6167877545951317,C
789,11,0.619050184572227,0.6372048727994767,0.6666313225512385,0.6127903005464481,C
789,12,0.6155134118372956,0.6345521591109278,0.6734826933374644,0.6231215846994536,C
789,13,0.6121002544341225,0.6427835945533678,0.6775853763383743,0.6231060606060606,C
789,14,0.6033784081251204,0.6515269661831922,0.668680284846792,0.5992300049677098,C
789,15,0.6106045366447989,0.6504138165073218,0.6762941320294458,0.6066582836562344,C
789,16,0.6083620287610744,0.6514588559668646,0.6726108942191249,0.615235345255837,C
789,17,0.5980788081005028,0.6516336551185424,0.6803167820972984,0.6232845876800794,C
789,18,0.5928779208378036,0.6596221811929769,0.6876160522357335,0.6008134624937904,C
789,19,0.593523482115966,0.6635416766243006,0.690466132004613,0.5828831346249379,C
789,20,0.5934491143253091,0.664996230893292,0.6801511502531578,0.6044693864878291,C
789,21,0.5883992520334287,0.6709330860653666,0.6868665912357214,0.6051757327372081,C
789,22,0.5854073054359351,0.6607225281966054,0.6874433085114843,0.593043653750621,C
789,23,0.5786163415645529,0.667960305570767,0.6972039798508115,0.6196209016393442,C
789,24,0.5823170647194885,0.6739912177082465,0.7191022583037033,0.5976620715350224,C
789,25,0.5708573709149267,0.6779405860414685,0.7157173470534322,0.5711857302533532,C
789,26,0.5633978153090013,0.6950649283255197,0.7390941678647543,0.6038949950322902,C
789,27,0.5640254880805271,0.6729717835931877,0.7405649617853935,0.6176959140586189,C
789,28,0.5649740587470478,0.6850505073955062,0.724409417853714,0.5928340784898163,C
789,29,0.5598204694155048,0.6893240393898963,0.7528688568922802,0.5796774093392946,C
789,30,0.5497407124748085,0.7004516099957803,0.737687702962615,0.5882389468455043,C
2026,1,0.6967367885268086,0.4940778252254295,0.6985436337571954,0.506450260804769,C
2026,2,0.6913991246591212,0.5179450789259138,0.695066278857441,0.49578520864381515,C
2026,3,0.6876500217565625,0.5362126144900303,0.6930632660980012,0.5166651142573273,C
2026,4,0.6805730550706369,0.5534429629002457,0.6905087054937995,0.5656746770988574,C
2026,5,0.6686239827804108,0.5867278623019683,0.6972589091006096,0.5712788748137109,C
2026,6,0.6568181113370706,0.5931935531887872,0.6875931889565874,0.5495373820168902,C
2026,7,0.6448055830330588,0.6225116726230389,0.6766381833214614,0.6075897292598111,C
2026,8,0.6388924972480966,0.614757862206375,0.6771163025606309,0.6100502980625931,C
2026,9,0.6284083328573041,0.6298902793918628,0.6544639310464886,0.6257917287630403,C
2026,10,0.618975486248305,0.6406170410054228,0.6570382795626074,0.5986168032786885,C
2026,11,0.6181675043504489,0.6377893574628996,0.6537689536726906,0.6272665176353701,C
2026,12,0.615937832413171,0.6493049343888653,0.6521151693418498,0.6278020988574268,C
2026,13,0.6016561826035324,0.6592852148595667,0.6615292312042959,0.5721715101838053,C
2026,14,0.5992399868371714,0.6617078218523521,0.6647521511425879,0.5936258072528564,C
2026,15,0.6040648946698005,0.656295364135311,0.6618330667942015,0.5798714605067063,C
2026,16,0.5962263671863577,0.663712378920861,0.6559834926905406,0.5983917039244908,C
2026,17,0.5829498201234279,0.6799110026506652,0.6569330451548265,0.6089946597118728,C
2026,18,0.5988149367819187,0.6575109351891176,0.656016525617881,0.6338254470938897,C
2026,19,0.5881638809877496,0.6724344127636155,0.6749456524848938,0.5794988822652757,C
2026,20,0.5828146491261765,0.6799195377654932,0.6962900326112519,0.5752918529557873,C
2026,21,0.5749109356054395,0.6800518320453276,0.6758463988729174,0.5799801291604569,C
2026,22,0.5764567631223625,0.6832676926102292,0.6642751345063318,0.6185109289617486,C
2026,23,0.5832483505352944,0.6739015990025523,0.6880936916492112,0.5758817685047193,C
2026,24,0.5722227079492893,0.6810413932584883,0.6650041567581941,0.6148627670144065,C
2026,25,0.5681554133732556,0.6940668319975309,0.7146645849129616,0.5716204048683557,C
2026,26,0.5707302405894795,0.6815958343177166,0.6831343801572795,0.5930902260307999,C
2026,27,0.5586890453070602,0.7002298677125482,0.6950931424550028,0.6096156234475907,C
2026,28,0.5586699758605445,0.6932778459828287,0.7037324802457124,0.616221125186289,C
2026,29,0.5586433500495529,0.690287995258573,0.6922369024879753,0.6149791977148534,C
2026,30,0.556556937719276,0.6878867260528576,0.690501914382977,0.6033128415300546,C
42,1,0.7047480005393277,0.49964391500937494,0.6932575626293597,0.51135587431694,D
42,2,0.6996213013827017,0.500398419160172,0.6928373805991787,0.5106805762543467,D
42,3,0.6947046587455353,0.5104046463799505,0.6924145542147432,0.5067840288127173,D
42,4,0.6993046521861895,0.49541271718453195,0.6922623882054618,0.526522913561848,D
42,5,0.6888088088546829,0.5303693041764707,0.6928288481693746,0.5403626428216592,D
42,6,0.6836173242203436,0.5485726556770805,0.6895307314097051,0.5751909463487332,D
42,7,0.6751527034188097,0.5577808496604391,0.6949141480464457,0.5888288623944361,D
42,8,0.6641367419470203,0.5811489698457808,0.7276748827240925,0.5495761922503726,D
42,9,0.6660736663070577,0.5768542707666171,0.6889184153843723,0.5864614381520119,D
42,10,0.6579591323853653,0.5960386483655598,0.671395343990379,0.5930203676105316,D
42,11,0.6506258519009962,0.5977615466447439,0.6726020157835277,0.6057346000993542,D
42,12,0.6441981539961681,0.607647940852337,0.662739853008876,0.6017138599105812,D
42,13,0.6462949045631504,0.6096738357079161,0.6631460120086883,0.599773348236463,D
42,14,0.6491093743171324,0.6002182940968415,0.6575309451576062,0.6225083830104322,D
42,15,0.6453827169078712,0.6109064769913788,0.6635929864097107,0.5929427471435669,D
42,16,0.645733177348462,0.6024915365801364,0.6688456845814803,0.6026763537009439,D
42,17,0.6415990414829794,0.612262877439848,0.6664200949801709,0.6030256458022851,D
42,18,0.6321715160033314,0.6209337005936343,0.6606718348261373,0.6176105315449578,D
42,19,0.6369020431807192,0.6249086742713401,0.6573266147903081,0.6277011922503726,D
42,20,0.635258923157105,0.6191722235954273,0.6621225778438918,0.6154526825633383,D
42,21,0.6363669070032929,0.6175601111067108,0.6680864532345849,0.6134578365623448,D
42,22,0.6277027695004159,0.6283123073624584,0.6763850151662375,0.6217632265275708,D
42,23,0.6257236935644515,0.6360874555661922,0.6776659350873369,0.6194578986587183,D
42,24,0.6269935779044965,0.6307903926016258,0.6827199774532265,0.604810916542474,D
42,25,0.62766813312467,0.622362478815845,0.6917279130237016,0.6052455911574763,D
42,26,0.6244417341557157,0.6288070026178905,0.6891084326675011,0.5900475037257824,D
42,27,0.6179101513973496,0.6282143242442326,0.685799030208322,0.6133491679085941,D
42,28,0.6216417342084839,0.6411032011460269,0.68883721874949,0.6038484227521113,D
42,29,0.6184380482659158,0.6475946680796265,0.681294075459823,0.6151499627421758,D
42,30,0.6205978037110902,0.6376953004974948,0.6937959723817937,0.596885866865375,D
123,1,0.7084936052604339,0.49617626855704666,0.69176538309347,0.5342151018380527,D
123,2,0.7023061073352258,0.5003301382415478,0.6924234776443757,0.5161295330352708,D
123,3,0.6944638823613137,0.5192203957835168,0.6922263941392925,0.5120932687531048,D
123,4,0.6921154133694721,0.5242190711336954,0.6931008799494475,0.4970504222553403,D
123,5,0.6848015522803614,0.5379652149688161,0.6923489620426572,0.5246134500745157,D
123,6,0.6827424467741798,0.5486535685656501,0.6929489882211499,0.5401142573273721,D
123,7,0.681678395173092,0.549737016041919,0.6846445088266995,0.5511130774962743,D
123,8,0.6671056929924597,0.5822708253387758,0.6894023225832119,0.5626319547938401,D
123,9,0.6658031338667473,0.578347062350038,0.6713123623707168,0.6076595876800794,D
123,10,0.6562245225753138,0.6023251018409901,0.6821985790988528,0.5809193368107302,D
123,11,0.6491322843191953,0.597352202537592,0.6640517973966253,0.6015353328365624,D
123,12,0.6501565065050975,0.6065134533893966,0.6814208459057184,0.5701999503229012,D
123,13,0.6529686899690854,0.6001288460934437,0.6633746564222246,0.6032585072031793,D
123,14,0.647555874726454,0.6050249293633896,0.6632972884310986,0.6014033780427224,D
123,15,0.6449589089381914,0.6123523254432456,0.6599437054817391,0.6173621460506706,D
123,16,0.6364610367200195,0.6248533667272547,0.6551080150192494,0.614544523099851,D
123,17,0.6450611005705628,0.6098744109063745,0.6572604963042278,0.6279262916045703,D
123,18,0.64486317417965,0.6032892284119633,0.6562669564422459,0.6142029930452062,D
123,19,0.6349435184317446,0.6135764316118804,0.6523019958671421,0.6161512667660209,D
123,20,0.628543384027105,0.6352856668792479,0.6600710234934241,0.6100347739692003,D
123,21,0.6315797469680713,0.6174662248436025,0.6585385797747663,0.5911807625434675,D
123,22,0.6320675670003598,0.6214625363083784,0.6524440473500732,0.6169274714356682,D
123,23,0.6280762468587924,0.6225543481971789,0.656333834181921,0.585002173373075,D
123,24,0.6265324807779991,0.6275318564625841,0.6554331000800916,0.5777291356184799,D
123,25,0.622859067032987,0.6363006627345962,0.6532551026942006,0.6094293343268753,D
123,26,0.6263810315920602,0.6362154822886126,0.6569387879544314,0.5871289741679087,D
123,27,0.627006368838379,0.6375759795921991,0.6509678131358537,0.5969169150521609,D
123,28,0.6187428206231488,0.6487974364611911,0.6594339971090758,0.6137450322901142,D
123,29,0.624540538074606,0.6295406810885071,0.6587728459522917,0.5686630650769995,D
123,30,0.6180382986497781,0.6304832991701137,0.655182385012964,0.6198227148534525,D
456,1,0.7068137410193411,0.49690977632536676,0.6939451174815717,0.5012031172379533,D
456,2,0.698092912621154,0.5004882085681628,0.6930687548722397,0.5163235842026825,D
456,3,0.6970200537590475,0.5160175085931535,0.691512665708749,0.5290766269249876,D
456,4,0.6897043890852765,0.5284922617234924,0.6890006825784455,0.5330896050670642,D
456,5,0.6858908178302722,0.5448998250642865,0.6855370843974993,0.5637652136115251,D
456,6,0.683654034430264,0.5542920361233372,0.6861675949481868,0.5461453676105316,D
456,7,0.6758205693540537,0.5719747456194377,0.6867218550533305,0.5542722305017387,D
456,8,0.6710743538963492,0.5869752099296843,0.6870492600464887,0.557330476900149,D
456,9,0.6691518500643169,0.5775365678459692,0.6786786263035532,0.5513459388971684,D
456,10,0.6581146353488424,0.5917222700947329,0.6723712427038336,0.5756721932439146,D
456,11,0.6562017653895998,0.5920507013133152,0.6704067474952315,0.5749037506209638,D
456,12,0.6556933047546478,0.5909375516374447,0.6713637800933923,0.5792815449577744,D
456,13,0.6485961045642155,0.6029563589336706,0.6717717835165996,0.5832091405861898,D
456,14,0.6302218425353995,0.6258173225959314,0.6813527051784866,0.6021330104321908,D
456,15,0.6428198162101704,0.6104798919522744,0.6772614352218288,0.5556073025335321,D
456,16,0.6426559550142971,0.6146812168752194,0.6757657403401346,0.5752297565822155,D
456,17,0.6417038535953369,0.6086844451970519,0.6832125168656904,0.5609631147540983,D
456,18,0.6356921465536881,0.6233349697993498,0.6757691602188897,0.608078738201689,D
456,19,0.6377247159431596,0.6172530176751986,0.6826980422798306,0.557035519125683,D
456,20,0.638236366009942,0.6093966151783019,0.6808576580541712,0.6086376055638351,D
456,21,0.6280302915383666,0.6395380317888645,0.6744952366212617,0.5976310233482365,D
456,22,0.628187407832239,0.6218080377566167,0.6901053784617475,0.5581687779433682,D
456,23,0.6208289168816438,0.6376527956256512,0.6803263427487323,0.6045392449080974,D
456,24,0.6238165117306143,0.6335796681274231,0.6790102618982533,0.5768597863884749,D
456,25,0.6229115346353583,0.6315665759440862,0.6717081018477097,0.5505231619473423,D
456,26,0.6196312000972292,0.639115714307174,0.6713427977641645,0.5606914431197219,D
456,27,0.6230758566484443,0.6435172730239844,0.6710115000398046,0.6119054272230502,D
456,28,0.6212729656866967,0.6283336451495284,0.6786860581227996,0.6281436289120715,D
456,29,0.6203242990311008,0.6376357253959952,0.6748037658694063,0.6112456532538499,D
456,30,0.613935727387745,0.6442934563664446,0.6717524236291232,0.6265058370591158,D
789,1,0.701954113367946,0.5083314669882243,0.6912979040305263,0.5236975285643318,D
789,2,0.6994497004113907,0.5015759236018458,0.6909400121747286,0.5352008817685047,D
789,3,0.6932941733519654,0.5199368333221808,0.6897420532856147,0.5720317933432688,D
789,4,0.6905635032534008,0.5181668212091458,0.68796878505218,0.5457572652757079,D
789,5,0.6906652807005309,0.5271061590754218,0.687905844539653,0.5540238450074516,D
789,6,0.6811490863727053,0.5457702360744481,0.6853581713434713,0.5750978017883756,D
789,7,0.6795372307004547,0.5639138417712617,0.6828033120519271,0.5777213735717834,D
789,8,0.6733598701096473,0.5710922147462203,0.6746584246749665,0.5723345131644312,D
789,9,0.6649956104875899,0.5913637952719561,0.6740187233869079,0.5926167411823149,D
789,10,0.661713155378837,0.5938975294598023,0.6704276542809681,0.6137295081967213,D
789,11,0.6528063473073217,0.5976975332835337,0.6683619528759821,0.6084357923497268,D
789,12,0.6560394596433625,0.5892486231152759,0.6610172289659718,0.617975347739692,D
789,13,0.6532823412765929,0.6153379086100873,0.6647126508622448,0.621274217585693,D
789,14,0.6463795759299676,0.6147151866322349,0.6582222594192101,0.6192793715846995,D
789,15,0.6437542140222662,0.6109747579100031,0.6653894272355316,0.6229508196721312,D
789,16,0.6377414985598788,0.6134784484936546,0.6712704342387845,0.5985702309985097,D
789,17,0.6373683185456198,0.621893388904897,0.6737201403110472,0.6280892945851962,D
789,18,0.6357331422034879,0.6186177825361991,0.683654206376886,0.5976465474416294,D
789,19,0.6318476418810841,0.6328203843123223,0.6846425448619555,0.5708053899652261,D
789,20,0.6332302098207365,0.6162463862323818,0.6842179466090826,0.6132172131147541,D
789,21,0.6349664652100301,0.6343174434531572,0.6871549115207534,0.6012403750620963,D
789,22,0.6280734542514579,0.631532435484774,0.6865257376747875,0.6194423745653255,D
789,23,0.6209082134871187,0.6282867020179743,0.7011043519030706,0.6189145553899652,D
789,24,0.6252127456066032,0.6467800767204401,0.7179569595371448,0.6184798807749627,D
789,25,0.6231445905899674,0.6304831284678172,0.7002951871385813,0.6084590784898163,D
789,26,0.6161792727370656,0.6357677301647345,0.726269420807076,0.6288654992548435,D
789,27,0.6178301782539077,0.6338227481977251,0.7097573192338757,0.6199934798807749,D
789,28,0.613120471842624,0.6438371691277386,0.7443014378335151,0.5501505837059115,D
789,29,0.6187610885674167,0.6305258040419572,0.7234246259280234,0.6161745529061102,D
789,30,0.6072567682533698,0.6539879811927038,0.7309865455109429,0.6317452185792349,D
2026,1,0.7029031938256975,0.4971613915104968,0.6963400078683178,0.5037180203676105,D
2026,2,0.6951199957685724,0.5224447914632464,0.6944537684113866,0.4963984103328366,D
2026,3,0.6983908462726405,0.4935064846388417,0.6936272689891061,0.5071410829607551,D
2026,4,0.6946217556672594,0.5117436351941704,0.6932856299418925,0.4954436785891704,D
2026,5,0.6939036372527719,0.5174932299469184,0.6926044155960296,0.5133972925981123,D
2026,6,0.6879947565467672,0.5313796910698119,0.6898660780991684,0.5663810233482365,D
2026,7,0.6809577880078438,0.5574053046080061,0.6893384069785434,0.536272044212618,D
2026,8,0.6799177906856598,0.5662085927439233,0.6831096027222848,0.5771702682563338,D
2026,9,0.669250242079067,0.573471975462569,0.6760139654605833,0.5696876552409339,D
2026,10,0.6597892927594119,0.5920804035129167,0.6797181263275466,0.572660519125683,D
2026,11,0.6615165199691567,0.595078960054297,0.6674181447055678,0.6158951192250373,D
2026,12,0.6566894677971804,0.5956588357557127,0.66915687694523,0.6011938027819175,D
2026,13,0.6484735325836418,0.6054387117302522,0.6651473513552737,0.5623292349726776,D
2026,14,0.6458146256763894,0.6072473025623097,0.6569849423711346,0.6012791852955788,D
2026,15,0.6459613987447363,0.5987722749426783,0.6655163323314741,0.6037164679582713,D
2026,16,0.6441700305640611,0.6034128168746731,0.6670158370955741,0.5702542846497765,D
2026,17,0.6438107081160294,0.6237571165787437,0.6592053405753749,0.5932609910581222,D
2026,18,0.6419778758588675,0.6166601685992443,0.6552498509956933,0.6206532538499752,D
2026,19,0.639694822242028,0.6235780498696517,0.681636725295553,0.5981976527570789,D
2026,20,0.6342230056971094,0.624094082912154,0.6845256438826453,0.5994551043219076,D
2026,21,0.6294805787127163,0.6271607496698618,0.6630170174295856,0.6221823770491803,D
2026,22,0.6294357399476609,0.6251220521420406,0.6557268110158384,0.6267154123199206,D
2026,23,0.6283578211509655,0.6349060249716976,0.6718892235941873,0.6100425360158968,D
2026,24,0.6202884212663011,0.6307007738959316,0.6631647205618431,0.6192483233979136,D
2026,25,0.6225535977210631,0.6314684221235638,0.6852460905369941,0.6006504595131644,D
2026,26,0.6221619549286564,0.6418454147314716,0.6850238035648314,0.5705880526577247,D
2026,27,0.6197721572462801,0.6361685391570584,0.6800985020847373,0.6126195355191257,D
2026,28,0.6147799403772625,0.6385996812646719,0.6841779005892762,0.6077061599602583,D
2026,29,0.6166945783116126,0.6401947235237324,0.6822220158444141,0.6069454793840039,D
2026,30,0.6214873649347535,0.6366888397569745,0.67436879757055,0.5895507327372081,D
