seed,epoch,train_loss,train_ba,val_loss,val_ba
42,1,0.6974438940646389,0.49987419240743497,0.6932945477265169,0.5016377918529558
42,2,0.6958618369709842,0.48722344520934247,0.6941346072884987,0.514181259314456
42,3,0.6934496540094097,0.504151991959239,0.6925886198670751,0.513179955290611
42,4,0.6955748121361617,0.49493065389904534,0.6924574400057035,0.5183882886239444
42,5,0.6882325468828133,0.5250848731818498,0.6916904105781513,0.548761177347243
42,6,0.6805037163761739,0.5514814228104699,0.6839424556012274,0.6013024714356682
42,7,0.6699660637035308,0.569194175910765,0.6859903602879027,0.5933618976651764
42,8,0.659542801938766,0.5940209472202156,0.7097828821551501,0.5653641952309985
42,9,0.6616718992830333,0.5832390487648664,0.6753002323812097,0.5957991803278688
42,10,0.6562767043609631,0.5974588914729424,0.6614110654111028,0.618697218082464
42,11,0.6448393367968768,0.6085649535894596,0.6588064134951089,0.6209249254843517
42,12,0.6461240677432362,0.6050505347078737,0.6564120447735269,0.6060295578738202
42,13,0.6443391492622413,0.6193086147303791,0.6562913345759294,0.6325058991554893
42,14,0.6495305119360395,0.5908991436207187,0.6606063314799147,0.6179132513661203
42,15,0.6464430450209044,0.6035876160263509,0.6662546027669668,0.5714030675608545
42,16,0.6435887993095982,0.6012973033133999,0.6705303082559102,0.5973748758072528
42,17,0.6399154949181267,0.6099213540379287,0.6780386603642307,0.6220892324888226
42,18,0.6346412590641464,0.618587909634301,0.6717108242359002,0.6264592647789369
42,19,0.6404990663557696,0.6073835229949649,0.6653213504297155,0.6228964853452559
42,20,0.6357705079426098,0.6077332920006173,0.6730648543177209,0.6202651515151515
42,21,0.6379883893219449,0.6191935613824975,0.6818421722122554,0.61111369846001
42,22,0.6316828953568573,0.6224734353086092,0.6927361267522849,0.6170128539493294
42,23,0.629218074929251,0.633741664606859,0.6933546615842325,0.6249301415797317
42,24,0.6296369022978978,0.63485925254244,0.6962119227996444,0.6132249751614506
42,25,0.6304450752161902,0.6220468502695048,0.6952653884223576,0.6214139344262295
42,26,0.6274916294580171,0.6270668634067535,0.6972336008688201,0.594471870342772
42,27,0.6229114252818178,0.6222943685995175,0.7058914008246823,0.6151499627421758
42,28,0.624882604655835,0.6306068876328235,0.7031673310858958,0.6065185668156979
42,29,0.6205857338488816,0.6402373990978725,0.700437801960119,0.6227412444113264
42,30,0.627125237216526,0.6245631728231018,0.7097017730178939,0.6126195355191257
123,1,0.6987828107176906,0.4899833599401313,0.6920265854235147,0.5205538996522603
123,2,0.696633097740979,0.49995032563170094,0.6923068457991299,0.5065201192250373
123,3,0.6915276291215068,0.5246070774537772,0.6913452387520198,0.5066831222056631
123,4,0.689598274394639,0.5343867827260201,0.6920363006485538,0.5007606805762543
123,5,0.6806940279472233,0.5618708766860266,0.6893481974150145,0.5550406731246895
123,6,0.6755400375250031,0.5690064033845486,0.6862981842420891,0.5658376800794833
123,7,0.6713225729034339,0.5679828724143723,0.6769947379744484,0.5905675608544461
123,8,0.6590030631787799,0.5883101018887867,0.6870439764848991,0.5902182687531048
123,9,0.6576134510253419,0.585678725987308,0.6673636805048228,0.6037242300049677
123,10,0.6480181093735545,0.609417952965372,0.6810882214384159,0.5827744659711873
123,11,0.6470507124937873,0.6043170269395537,0.6600572143092461,0.6001692126179832
123,12,0.6442226312886962,0.6134654751191161,0.6808949064743552,0.573529868355688
123,13,0.646673031588796,0.6050464378527562,0.6587493205468967,0.6053464977645306
123,14,0.6418496030762361,0.6047818492930876,0.6589644569540423,0.6199934798807749
123,15,0.6432523080002241,0.6082066494689793,0.6576815979726467,0.6036543715846995
123,16,0.6336707472627079,0.6260475999939913,0.6570663123409728,0.6002856433184303
123,17,0.639320895994333,0.6201745874808302,0.6604147492012937,0.6179210134128167
123,18,0.6399251730547222,0.6146513439733212,0.6568929116373938,0.6099959637357178
123,19,0.6315905958666566,0.6206522125066062,0.6579500347126825,0.6219029433681073
123,20,0.6277239401891431,0.6250495036660025,0.6601092883471327,0.6132715474416294
123,21,0.6307598747532862,0.6104587248675009,0.6642710782359238,0.5882311847988078
123,22,0.630936032232401,0.629766690929153,0.6602505370767003,0.6121770988574268
123,23,0.6226333517308058,0.6363134654068382,0.6615443995071985,0.6106479756582215
123,24,0.6256594120359128,0.625697830988339,0.660966558708786,0.5875170765027322
123,25,0.6215141112261824,0.633771537508757,0.6704324759480681,0.5897603079980129
123,26,0.624290157175886,0.6415212510703034,0.6684350303288622,0.5844588301043219
123,27,0.6262872306498873,0.6414102945775391,0.6720304927454022,0.5978561227024342
123,28,0.623026730719624,0.6354435665035663,0.6723103504991133,0.6062624192747144
123,29,0.6200337821267831,0.6466733877850899,0.6805518848982361,0.5844588301043219
123,30,0.620715341023315,0.6299629985701976,0.6803503031518134,0.613659649776453
456,1,0.697932638012454,0.5078285780225573,0.6931588106832797,0.5141502111276701
456,2,0.6948365494064723,0.4970420706052011,0.6933570396269264,0.4881861649279682
456,3,0.6946458954613285,0.5171562636135081,0.6916143545533289,0.511060916542474
456,4,0.6896842315536196,0.529886899486391,0.6896396098362703,0.5439098981619473
456,5,0.6860163241076324,0.5438803909492277,0.6856638320973325,0.5533873571783408
456,6,0.680908545011531,0.5477877665174956,0.6864793122976935,0.5607923497267759
456,7,0.6736385300777267,0.574576419321315,0.6837487757039934,0.5629113884749131
456,8,0.6714489643350178,0.573676647516145,0.6820135151443375,0.5637264033780427
456,9,0.6673601350866492,0.5762015051845701,0.6771111403667163,0.5751754222553402
456,10,0.6586445275538503,0.5861094078815299,0.6730738566114378,0.579553216592151
456,11,0.6560392729761724,0.5954626988169649,0.669963234978466,0.56036543715847
456,12,0.6571199192034024,0.5847617132501854,0.6691574877683166,0.5932687531048186
456,13,0.6495112249491126,0.6087866958726915,0.6730062939994514,0.5749037506209638
456,14,0.6329301037601724,0.6200168585588084,0.6791835719496426,0.6079778315946349
456,15,0.6451918782109655,0.604043903265057,0.6761794696279223,0.569656607054148
456,16,0.6405963080339602,0.623936353990132,0.6834391064962637,0.5926089791356184
456,17,0.6429077163795752,0.6113159918008273,0.6857273650036548,0.5875326005961252
456,18,0.6379999500807356,0.614531852365729,0.6867077993151205,0.6006038872329856
456,19,0.6362098029333355,0.6265465628068374,0.7009483198933615,0.5561584078489816
456,20,0.6400711057028017,0.6176580942249364,0.6942323115874798,0.6149248633879781
456,21,0.6290073421068997,0.6345564266683419,0.7006003466489256,0.6018923869846001
456,22,0.6239657546392213,0.6410306526699887,0.6965460290815837,0.5834187158469946
456,23,0.6185704636497175,0.6446218875850268,0.6979373318239175,0.6196752359662195
456,24,0.6248329656534365,0.6204518080104442,0.6900353527998858,0.5764794461003477
456,25,0.6231400966644287,0.6382200393571216,0.6855253461011604,0.5778455663189269
456,26,0.6228081259572851,0.6420586218998756,0.6848014002058831,0.573692871336314
456,27,0.6232025449017562,0.6384759220996655,0.6909920287663558,0.6240375062096373
456,28,0.6223591022974839,0.63531980733856,0.6864915785683231,0.6227334823646299
456,29,0.6261348195707035,0.6285340496456904,0.6846836466643139,0.6110826502732241
456,30,0.6163236855450618,0.6331616182031468,0.6972206309645289,0.6206610158966717
789,1,0.69597408712659,0.4971482474336617,0.6925568127366494,0.5251723174366617
789,2,0.6947332968358021,0.5081098954072889,0.6922452629110607,0.5278812717337307
789,3,0.6912653653237891,0.5267010825256838,0.6909500249249025,0.5427455911574764
789,4,0.6885440199304804,0.5237199376185527,0.6868711180341609,0.5564223174366617
789,5,0.6850929683911811,0.5392529930940679,0.6864463481066286,0.5538065076999503
789,6,0.673376413541616,0.5768583676217347,0.681748989398765,0.5708131520119225
789,7,0.664737011757365,0.59044695323713,0.6797015544099728,0.5727381395926479
789,8,0.6600943674757019,0.5810810303317496,0.667412481434166,0.5867098236462991
789,9,0.6540847041437649,0.5996039365315206,0.6735689000831009,0.609064518132141
789,10,0.6505425728763923,0.6005765982173218,0.6780212823727004,0.6121926229508197
789,11,0.6455505756547567,0.6090937893042039,0.6755255563677519,0.610671261798311
789,12,0.6405485586189507,0.612309820571402,0.6716875946953436,0.6115716592151018
789,13,0.6367890904982676,0.6269303015695051,0.6738567833780911,0.617827868852459
789,14,0.6357929379383513,0.6118448275155715,0.6678058687690905,0.6245808494783904
789,15,0.6367829295406904,0.6135636289396382,0.6720390279977102,0.6064487083954297
789,16,0.6350375453770387,0.6268792615828336,0.6695818361465645,0.6069920516641828
789,17,0.6349823331226914,0.6195134574862516,0.6684876403104628,0.6283143939393939
789,18,0.6256646607272499,0.631511097697704,0.6826787858288268,0.5831625683060109
789,19,0.6244999064780661,0.6334345711753467,0.6790414522285249,0.5821146920019871
789,20,0.6284871046528494,0.6251220521420406,0.6730015329331741,0.6223453800298062
789,21,0.626812915425185,0.6334303036179327,0.6735911903939207,0.6324981371087929
789,22,0.6263096277350889,0.6191551533657713,0.6768448019094122,0.6343610283159463
789,23,0.6196235985982985,0.6291525040661288,0.6921857059167952,0.6369457898658719
789,24,0.6246073224061838,0.6332896449255669,0.6971033426380423,0.6452434177844013
789,25,0.6174352558739451,0.6374778257716768,0.6906587597719475,0.5961639965226031
789,26,0.6146203713949194,0.6450442050667173,0.7161784120588913,0.6312018753104818
789,27,0.6150896328863539,0.6516464577907846,0.7031815066975139,0.6432330476900149
789,28,0.6121895331198313,0.6458417261962476,0.7065012464948351,0.5711857302533532
789,29,0.6210565618733165,0.6317925857847321,0.699531418201319,0.6459575260804769
789,30,0.6126628041685307,0.6405402249719707,0.6857075961851476,0.6252871957277695
2026,1,0.6970762654664465,0.4990295574440541,0.695226541468692,0.4999456656731247
2026,2,0.6942348131442536,0.5154799670612848,0.6938624783810798,0.5143675484351714
2026,3,0.6947936954081773,0.5008424158335256,0.6930360022029505,0.49254843517138597
2026,4,0.6938685083507691,0.5051966900141888,0.6931185707408406,0.5195914058618977
2026,5,0.6928489909964697,0.5152879269776545,0.6916735977515537,0.5398348236462991
2026,6,0.688726975334133,0.5301767519859505,0.6914519323944049,0.5568647540983607
2026,7,0.684333003563314,0.5514426733891507,0.6924793187290181,0.5084295827123696
2026,8,0.6811986223424766,0.5403579490597035,0.6861883317195605,0.5570044709388972
2026,9,0.6719444051946495,0.5712581373784771,0.6826043597170901,0.5622904247391952
2026,10,0.6636895689914145,0.5906900333074321,0.690546109815826,0.5411155613512171
2026,11,0.6577629215390648,0.5950576222672269,0.6705510179644507,0.6068756209637357
2026,12,0.6543468149858297,0.6005892301872673,0.6657456045031216,0.6045780551415798
2026,13,0.6453850667726705,0.6131839870320879,0.6659035730826821,0.5611726900149031
2026,14,0.6432002395382758,0.6086163349807243,0.6566451771345643,0.6061925608544461
2026,15,0.6463752385471566,0.6026108574854323,0.653967384674423,0.5757187655240934
2026,16,0.6387619379839283,0.6149157618306934,0.6554033128664022,0.6273674242424242
2026,17,0.634216745015372,0.6254332424286704,0.6579214346109991,0.5564145553899652
2026,18,0.6356914401263338,0.6248960423013947,0.6493327928120711,0.6173543840039741
2026,19,0.6337080789942717,0.6230236088104235,0.6621625044883792,0.5841405861897665
2026,20,0.6340367708016723,0.6285255145308623,0.6574977818969897,0.5991679085941382
2026,21,0.6303099887154445,0.6280478895050863,0.6481584298909541,0.6091033283656235
2026,22,0.6348297041374238,0.6336394139312193,0.6519294598640506,0.5909013288623944
2026,23,0.635755340728431,0.6152696276914631,0.6507132001906052,0.5757653378042722
2026,24,0.6266168989426136,0.6283933909533246,0.6444747064439035,0.6156312096373572
2026,25,0.6251387665085788,0.6346288044420834,0.6533419194327755,0.6468268753104818
2026,26,0.6180880915133047,0.6371282274683211,0.6498618061163963,0.5870280675608545
2026,27,0.6188553344287476,0.6307306467978298,0.6529706261616232,0.6188524590163935
2026,28,0.6184409820925517,0.633349390729363,0.6514071093296274,0.6221823770491803
2026,29,0.6232996875348928,0.6470444945778122,0.6490820359054714,0.6279185295578738
2026,30,0.6173921057504413,0.6430992230997079,0.6501264324759375,0.6215148410332836
