model,seed,subject,balanced_accuracy
Configuration D,42,1,0.7292490118577075
Configuration D,42,3,0.5039525691699605
Configuration D,42,19,0.7361660079051384
Configuration D,42,25,0.6037549407114624
Configuration D,42,29,0.9347826086956521
Configuration D,42,34,0.8831168831168831
Configuration D,42,38,0.5266798418972332
Configuration D,42,47,0.6071428571428572
Configuration D,42,60,0.8201581027667983
Configuration D,42,69,0.5476190476190476
Configuration D,42,79,0.5335968379446641
Configuration D,42,80,0.5721343873517787
Configuration D,42,83,0.5622529644268774
Configuration D,42,89,0.48214285714285715
Configuration D,42,101,0.5
Configuration D,42,107,0.5684523809523809
Configuration D,123,1,0.6215415019762847
Configuration D,123,3,0.48320158102766797
Configuration D,123,19,0.6867588932806324
Configuration D,123,25,0.6482213438735178
Configuration D,123,29,0.9347826086956521
Configuration D,123,34,0.8387445887445888
Configuration D,123,38,0.5484189723320158
Configuration D,123,47,0.5833333333333334
Configuration D,123,60,0.825098814229249
Configuration D,123,69,0.47916666666666663
Configuration D,123,79,0.6245059288537549
Configuration D,123,80,0.525691699604743
Configuration D,123,83,0.6057312252964426
Configuration D,123,89,0.5
Configuration D,123,101,0.5
Configuration D,123,107,0.6696428571428572
Configuration D,456,1,0.6462450592885376
Configuration D,456,3,0.5721343873517787
Configuration D,456,19,0.5958498023715415
Configuration D,456,25,0.7588932806324111
Configuration D,456,29,0.9565217391304348
Configuration D,456,34,0.8181818181818181
Configuration D,456,38,0.592885375494071
Configuration D,456,47,0.5267857142857143
Configuration D,456,60,0.7806324110671936
Configuration D,456,69,0.5803571428571428
Configuration D,456,79,0.5316205533596838
Configuration D,456,80,0.5553359683794465
Configuration D,456,83,0.5395256916996047
Configuration D,456,89,0.5
Configuration D,456,101,0.5
Configuration D,456,107,0.6101190476190476
Configuration D,789,1,0.7124505928853755
Configuration D,789,3,0.3952569169960475
Configuration D,789,19,0.5938735177865613
Configuration D,789,25,0.6482213438735178
Configuration D,789,29,0.9782608695652174
Configuration D,789,34,0.8831168831168831
Configuration D,789,38,0.5938735177865613
Configuration D,789,47,0.6309523809523809
Configuration D,789,60,0.8211462450592886
Configuration D,789,69,0.5744047619047619
Configuration D,789,79,0.5335968379446641
Configuration D,789,80,0.5731225296442688
Configuration D,789,83,0.5642292490118577
Configuration D,789,89,0.4583333333333333
Configuration D,789,101,0.5217391304347826
Configuration D,789,107,0.6934523809523809
Configuration D,2026,1,0.6679841897233202
Configuration D,2026,3,0.441699604743083
Configuration D,2026,19,0.6857707509881423
Configuration D,2026,25,0.7114624505928854
Configuration D,2026,29,0.8695652173913043
Configuration D,2026,34,0.8344155844155845
Configuration D,2026,38,0.5938735177865613
Configuration D,2026,47,0.6130952380952381
Configuration D,2026,60,0.7579051383399209
Configuration D,2026,69,0.5863095238095238
Configuration D,2026,79,0.5849802371541502
Configuration D,2026,80,0.5266798418972332
Configuration D,2026,83,0.5849802371541502
Configuration D,2026,89,0.4910714285714286
Configuration D,2026,101,0.5
Configuration D,2026,107,0.6488095238095238
Constrained EEGNet,42,1,0.7519762845849802
Constrained EEGNet,42,3,0.4407114624505929
Constrained EEGNet,42,19,0.708498023715415
Constrained EEGNet,42,25,0.7549407114624507
Constrained EEGNet,42,29,0.9130434782608696
Constrained EEGNet,42,34,0.8820346320346321
Constrained EEGNet,42,38,0.5474308300395256
Constrained EEGNet,42,47,0.5416666666666666
Constrained EEGNet,42,60,0.7766798418972332
Constrained EEGNet,42,69,0.5297619047619048
Constrained EEGNet,42,79,0.6027667984189724
Constrained EEGNet,42,80,0.5059288537549407
Constrained EEGNet,42,83,0.5859683794466404
Constrained EEGNet,42,89,0.5
Constrained EEGNet,42,101,0.5217391304347826
Constrained EEGNet,42,107,0.6428571428571428
Constrained EEGNet,123,1,0.7549407114624507
Constrained EEGNet,123,3,0.2658102766798419
Constrained EEGNet,123,19,0.6482213438735178
Constrained EEGNet,123,25,0.6877470355731226
Constrained EEGNet,123,29,0.9347826086956521
Constrained EEGNet,123,34,0.8831168831168831
Constrained EEGNet,123,38,0.5523715415019763
Constrained EEGNet,123,47,0.5178571428571429
Constrained EEGNet,123,60,0.8043478260869565
Constrained EEGNet,123,69,0.5416666666666666
Constrained EEGNet,123,79,0.607707509881423
Constrained EEGNet,123,80,0.5721343873517787
Constrained EEGNet,123,83,0.6482213438735178
Constrained EEGNet,123,89,0.5297619047619048
Constrained EEGNet,123,101,0.5217391304347826
Constrained EEGNet,123,107,0.5476190476190476
Constrained EEGNet,456,1,0.733201581027668
Constrained EEGNet,456,3,0.40019762845849804
Constrained EEGNet,456,19,0.7361660079051384
Constrained EEGNet,456,25,0.6936758893280632
Constrained EEGNet,456,29,0.8695652173913043
Constrained EEGNet,456,34,0.9318181818181819
Constrained EEGNet,456,38,0.5711462450592886
Constrained EEGNet,456,47,0.5773809523809523
Constrained EEGNet,456,60,0.8043478260869565
Constrained EEGNet,456,69,0.5357142857142857
Constrained EEGNet,456,79,0.5326086956521738
Constrained EEGNet,456,80,0.5088932806324111
Constrained EEGNet,456,83,0.5839920948616601
Constrained EEGNet,456,89,0.5
Constrained EEGNet,456,101,0.5217391304347826
Constrained EEGNet,456,107,0.5327380952380952
Constrained EEGNet,789,1,0.6610671936758893
Constrained EEGNet,789,3,0.4782608695652174
Constrained EEGNet,789,19,0.6620553359683794
Constrained EEGNet,789,25,0.6729249011857708
Constrained EEGNet,789,29,0.9130434782608696
Constrained EEGNet,789,34,0.9069264069264069
Constrained EEGNet,789,38,0.5474308300395256
Constrained EEGNet,789,47,0.6607142857142857
Constrained EEGNet,789,60,0.8863636363636364
Constrained EEGNet,789,69,0.6398809523809523
Constrained EEGNet,789,79,0.6007905138339921
Constrained EEGNet,789,80,0.5484189723320158
Constrained EEGNet,789,83,0.5424901185770751
Constrained EEGNet,789,89,0.5982142857142857
Constrained EEGNet,789,101,0.5
Constrained EEGNet,789,107,0.5922619047619048
Constrained EEGNet,2026,1,0.7549407114624507
Constrained EEGNet,2026,3,0.48122529644268774
Constrained EEGNet,2026,19,0.733201581027668
Constrained EEGNet,2026,25,0.7796442687747036
Constrained EEGNet,2026,29,0.9565217391304348
Constrained EEGNet,2026,34,0.9069264069264069
Constrained EEGNet,2026,38,0.5721343873517787
Constrained EEGNet,2026,47,0.5684523809523809
Constrained EEGNet,2026,60,0.8656126482213439
Constrained EEGNet,2026,69,0.43452380952380953
Constrained EEGNet,2026,79,0.6037549407114624
Constrained EEGNet,2026,80,0.5266798418972332
Constrained EEGNet,2026,83,0.5642292490118577
Constrained EEGNet,2026,89,0.5297619047619048
Constrained EEGNet,2026,101,0.4772727272727273
Constrained EEGNet,2026,107,0.6607142857142857
