seed,trial_index,subject,target,prediction
42,0,1,1,0
42,1,1,0,0
42,2,1,0,0
42,3,1,1,1
42,4,1,1,0
42,5,1,0,0
42,6,1,1,1
42,7,1,0,0
42,8,1,1,0
42,9,1,0,0
42,10,1,0,1
42,11,1,1,1
42,12,1,0,0
42,13,1,1,1
42,14,1,0,0
42,15,1,0,0
42,16,1,1,1
42,17,1,0,1
42,18,1,1,1
42,19,1,0,0
42,20,1,1,0
42,21,1,0,0
42,22,1,1,1
42,23,1,1,0
42,24,1,0,0
42,25,1,0,0
42,26,1,1,1
42,27,1,1,0
42,28,1,0,0
42,29,1,0,0
42,30,1,1,0
42,31,1,0,0
42,32,1,1,0
42,33,1,0,0
42,34,1,0,0
42,35,1,1,1
42,36,1,1,0
42,37,1,0,0
42,38,1,0,0
42,39,1,1,1
42,40,1,1,1
42,41,1,0,0
42,42,1,1,1
42,43,1,0,0
42,44,1,1,0
42,90,3,1,0
42,91,3,0,0
42,92,3,1,0
42,93,3,0,0
42,94,3,1,0
42,95,3,0,0
42,96,3,0,0
42,97,3,1,0
42,98,3,0,0
42,99,3,1,0
42,100,3,0,0
42,101,3,1,0
42,102,3,1,0
42,103,3,0,1
42,104,3,0,0
42,105,3,0,1
42,106,3,1,0
42,107,3,0,0
42,108,3,1,0
42,109,3,1,0
42,110,3,0,0
42,111,3,0,0
42,112,3,1,0
42,113,3,1,0
42,114,3,0,1
42,115,3,0,0
42,116,3,1,0
42,117,3,1,0
42,118,3,0,0
42,119,3,1,0
42,120,3,1,1
42,121,3,0,0
42,122,3,1,1
42,123,3,0,1
42,124,3,0,0
42,125,3,1,1
42,126,3,0,0
42,127,3,1,0
42,128,3,1,1
42,129,3,0,0
42,130,3,0,0
42,131,3,1,0
42,132,3,0,0
42,133,3,1,0
42,134,3,0,0
42,810,19,1,1
42,811,19,0,1
42,812,19,0,1
42,813,19,1,1
42,814,19,0,1
42,815,19,1,1
42,816,19,1,1
42,817,19,0,0
42,818,19,1,1
42,819,19,0,1
42,820,19,1,1
42,821,19,0,0
42,822,19,1,1
42,823,19,0,0
42,824,19,0,0
42,825,19,1,1
42,826,19,0,0
42,827,19,1,1
42,828,19,0,0
42,829,19,0,0
42,830,19,1,1
42,831,19,1,1
42,832,19,0,0
42,833,19,1,1
42,834,19,0,0
42,835,19,0,0
42,836,19,1,1
42,837,19,0,0
42,838,19,1,0
42,839,19,0,1
42,840,19,0,1
42,841,19,1,1
42,842,19,0,0
42,843,19,1,1
42,844,19,1,1
42,845,19,0,1
42,846,19,1,1
42,847,19,0,0
42,848,19,1,1
42,849,19,0,1
42,850,19,0,0
42,851,19,1,1
42,852,19,0,1
42,853,19,1,0
42,854,19,1,0
42,1080,25,1,0
42,1081,25,0,0
42,1082,25,1,1
42,1083,25,0,0
42,1084,25,1,1
42,1085,25,0,0
42,1086,25,1,0
42,1087,25,0,0
42,1088,25,1,0
42,1089,25,0,0
42,1090,25,1,0
42,1091,25,0,1
42,1092,25,0,1
42,1093,25,1,0
42,1094,25,1,0
42,1095,25,0,0
42,1096,25,1,1
42,1097,25,1,0
42,1098,25,0,0
42,1099,25,0,0
42,1100,25,1,1
42,1101,25,1,1
42,1102,25,0,0
42,1103,25,0,0
42,1104,25,1,1
42,1105,25,0,0
42,1106,25,1,1
42,1107,25,1,1
42,1108,25,0,0
42,1109,25,1,0
42,1110,25,1,0
42,1111,25,0,0
42,1112,25,0,1
42,1113,25,1,0
42,1114,25,0,0
42,1115,25,1,0
42,1116,25,1,1
42,1117,25,0,0
42,1118,25,1,0
42,1119,25,0,1
42,1120,25,1,1
42,1121,25,0,0
42,1122,25,0,1
42,1123,25,1,0
42,1124,25,0,0
42,1260,29,1,1
42,1261,29,0,0
42,1262,29,1,1
42,1263,29,0,1
42,1264,29,1,1
42,1265,29,0,1
42,1266,29,1,1
42,1267,29,0,0
42,1268,29,1,1
42,1269,29,0,0
42,1270,29,0,0
42,1271,29,1,1
42,1272,29,1,1
42,1273,29,0,0
42,1274,29,0,0
42,1275,29,0,0
42,1276,29,1,1
42,1277,29,1,1
42,1278,29,0,0
42,1279,29,0,0
42,1280,29,1,1
42,1281,29,0,0
42,1282,29,1,1
42,1283,29,0,1
42,1284,29,1,1
42,1285,29,0,0
42,1286,29,1,1
42,1287,29,1,1
42,1288,29,0,0
42,1289,29,0,0
42,1290,29,0,0
42,1291,29,1,1
42,1292,29,1,1
42,1293,29,0,0
42,1294,29,1,1
42,1295,29,0,0
42,1296,29,1,1
42,1297,29,0,0
42,1298,29,1,1
42,1299,29,0,0
42,1300,29,0,0
42,1301,29,1,1
42,1302,29,0,0
42,1303,29,1,1
42,1304,29,1,1
42,1485,34,0,0
42,1486,34,1,1
42,1487,34,0,0
42,1488,34,1,1
42,1489,34,0,0
42,1490,34,1,1
42,1491,34,0,0
42,1492,34,1,0
42,1493,34,1,1
42,1494,34,0,0
42,1495,34,0,0
42,1496,34,1,1
42,1497,34,1,1
42,1498,34,0,0
42,1499,34,1,1
42,1500,34,0,1
42,1501,34,1,1
42,1502,34,0,0
42,1503,34,1,1
42,1504,34,0,0
42,1505,34,1,1
42,1506,34,0,0
42,1507,34,1,1
42,1508,34,1,0
42,1509,34,0,0
42,1510,34,0,0
42,1511,34,1,1
42,1512,34,0,0
42,1513,34,1,1
42,1514,34,0,1
42,1515,34,1,1
42,1516,34,0,0
42,1517,34,1,1
42,1518,34,0,0
42,1519,34,1,1
42,1520,34,0,0
42,1521,34,1,1
42,1522,34,0,0
42,1523,34,1,1
42,1524,34,1,1
42,1525,34,0,1
42,1526,34,1,1
42,1527,34,0,0
42,1661,38,1,0
42,1662,38,0,1
42,1663,38,0,0
42,1664,38,1,0
42,1665,38,0,0
42,1666,38,1,0
42,1667,38,0,0
42,1668,38,1,0
42,1669,38,1,0
42,1670,38,0,0
42,1671,38,0,0
42,1672,38,1,0
42,1673,38,0,1
42,1674,38,1,0
42,1675,38,0,0
42,1676,38,1,1
42,1677,38,0,0
42,1678,38,0,0
42,1679,38,1,1
42,1680,38,0,1
42,1681,38,1,1
42,1682,38,1,0
42,1683,38,0,0
42,1684,38,1,0
42,1685,38,0,0
42,1686,38,1,0
42,1687,38,0,0
42,1688,38,0,0
42,1689,38,1,1
42,1690,38,0,0
42,1691,38,1,0
42,1692,38,0,0
42,1693,38,1,0
42,1694,38,0,0
42,1695,38,1,0
42,1696,38,0,0
42,1697,38,1,0
42,1698,38,0,0
42,1699,38,1,0
42,1700,38,0,0
42,1701,38,1,0
42,1702,38,0,1
42,1703,38,0,0
42,1704,38,1,1
42,1705,38,1,0
42,2065,47,0,1
42,2066,47,1,1
42,2067,47,0,0
42,2068,47,1,0
42,2069,47,1,1
42,2070,47,0,0
42,2071,47,1,0
42,2072,47,0,1
42,2073,47,0,1
42,2074,47,1,1
42,2075,47,1,1
42,2076,47,0,0
42,2077,47,1,1
42,2078,47,0,1
42,2079,47,0,1
42,2080,47,0,0
42,2081,47,1,1
42,2082,47,0,0
42,2083,47,1,1
42,2084,47,1,0
42,2085,47,0,0
42,2086,47,0,0
42,2087,47,1,0
42,2088,47,0,1
42,2089,47,1,0
42,2090,47,1,1
42,2091,47,0,0
42,2092,47,0,1
42,2093,47,1,0
42,2094,47,0,1
42,2095,47,1,1
42,2096,47,0,1
42,2097,47,1,1
42,2098,47,0,0
42,2099,47,0,0
42,2100,47,1,1
42,2101,47,0,1
42,2102,47,1,1
42,2103,47,1,1
42,2104,47,0,0
42,2105,47,1,1
42,2106,47,0,0
42,2107,47,0,1
42,2108,47,1,1
42,2109,47,0,1
42,2650,60,0,0
42,2651,60,1,1
42,2652,60,1,0
42,2653,60,0,0
42,2654,60,0,0
42,2655,60,1,0
42,2656,60,0,0
42,2657,60,1,1
42,2658,60,1,1
42,2659,60,0,0
42,2660,60,0,1
42,2661,60,1,1
42,2662,60,1,0
42,2663,60,0,0
42,2664,60,1,1
42,2665,60,0,0
42,2666,60,1,0
42,2667,60,1,1
42,2668,60,0,0
42,2669,60,0,0
42,2670,60,1,0
42,2671,60,1,1
42,2672,60,0,0
42,2673,60,0,0
42,2674,60,1,1
42,2675,60,1,1
42,2676,60,0,0
42,2677,60,1,1
42,2678,60,0,0
42,2679,60,0,0
42,2680,60,0,0
42,2681,60,1,1
42,2682,60,0,0
42,2683,60,1,0
42,2684,60,1,1
42,2685,60,0,0
42,2686,60,0,0
42,2687,60,1,1
42,2688,60,0,0
42,2689,60,1,1
42,2690,60,0,0
42,2691,60,1,1
42,2692,60,0,1
42,2693,60,1,1
42,2694,60,0,0
42,3054,69,0,0
42,3055,69,1,1
42,3056,69,0,1
42,3057,69,1,1
42,3058,69,1,1
42,3059,69,0,1
42,3060,69,0,1
42,3061,69,1,1
42,3062,69,0,1
42,3063,69,1,1
42,3064,69,1,0
42,3065,69,0,1
42,3066,69,0,0
42,3067,69,1,1
42,3068,69,0,0
42,3069,69,0,0
42,3070,69,1,1
42,3071,69,1,0
42,3072,69,0,0
42,3073,69,0,1
42,3074,69,1,1
42,3075,69,1,1
42,3076,69,0,1
42,3077,69,1,1
42,3078,69,0,1
42,3079,69,0,0
42,3080,69,1,1
42,3081,69,1,0
42,3082,69,0,1
42,3083,69,0,1
42,3084,69,0,1
42,3085,69,1,1
42,3086,69,1,1
42,3087,69,0,1
42,3088,69,0,0
42,3089,69,1,0
42,3090,69,1,1
42,3091,69,0,1
42,3092,69,1,1
42,3093,69,0,0
42,3094,69,0,1
42,3095,69,1,0
42,3096,69,0,1
42,3097,69,1,1
42,3098,69,0,1
42,3494,79,0,1
42,3495,79,1,1
42,3496,79,0,1
42,3497,79,1,1
42,3498,79,0,1
42,3499,79,1,1
42,3500,79,0,1
42,3501,79,1,1
42,3502,79,0,0
42,3503,79,1,1
42,3504,79,0,1
42,3505,79,1,1
42,3506,79,1,1
42,3507,79,0,1
42,3508,79,0,1
42,3509,79,0,1
42,3510,79,1,1
42,3511,79,1,1
42,3512,79,0,0
42,3513,79,0,0
42,3514,79,1,0
42,3515,79,1,0
42,3516,79,0,1
42,3517,79,0,1
42,3518,79,1,0
42,3519,79,1,0
42,3520,79,0,0
42,3521,79,0,0
42,3522,79,1,1
42,3523,79,1,0
42,3524,79,1,0
42,3525,79,0,0
42,3526,79,1,1
42,3527,79,0,0
42,3528,79,0,0
42,3529,79,1,0
42,3530,79,1,0
42,3531,79,0,0
42,3532,79,1,0
42,3533,79,0,0
42,3534,79,1,0
42,3535,79,0,0
42,3536,79,1,1
42,3537,79,0,0
42,3538,79,1,0
42,3539,80,0,0
42,3540,80,1,0
42,3541,80,1,1
42,3542,80,0,0
42,3543,80,0,0
42,3544,80,1,0
42,3545,80,0,0
42,3546,80,1,1
42,3547,80,0,0
42,3548,80,1,0
42,3549,80,1,0
42,3550,80,0,0
42,3551,80,1,0
42,3552,80,0,1
42,3553,80,1,0
42,3554,80,1,0
42,3555,80,0,0
42,3556,80,0,0
42,3557,80,1,1
42,3558,80,0,0
42,3559,80,1,1
42,3560,80,1,0
42,3561,80,0,1
42,3562,80,1,0
42,3563,80,0,0
42,3564,80,0,1
42,3565,80,1,0
42,3566,80,1,0
42,3567,80,0,0
42,3568,80,0,1
42,3569,80,0,0
42,3570,80,1,1
42,3571,80,0,0
42,3572,80,1,0
42,3573,80,0,0
42,3574,80,1,1
42,3575,80,0,0
42,3576,80,1,1
42,3577,80,0,0
42,3578,80,1,0
42,3579,80,1,0
42,3580,80,0,0
42,3581,80,1,0
42,3582,80,0,0
42,3583,80,0,0
42,3674,83,0,0
42,3675,83,1,0
42,3676,83,1,1
42,3677,83,0,0
42,3678,83,0,0
42,3679,83,1,0
42,3680,83,1,0
42,3681,83,0,0
42,3682,83,1,0
42,3683,83,0,1
42,3684,83,1,0
42,3685,83,0,0
42,3686,83,1,0
42,3687,83,0,0
42,3688,83,0,0
42,3689,83,0,0
42,3690,83,1,0
42,3691,83,0,0
42,3692,83,1,0
42,3693,83,1,0
42,3694,83,0,0
42,3695,83,0,0
42,3696,83,1,1
42,3697,83,1,1
42,3698,83,0,0
42,3699,83,1,0
42,3700,83,0,0
42,3701,83,1,1
42,3702,83,0,0
42,3703,83,1,0
42,3704,83,0,0
42,3705,83,1,0
42,3706,83,1,0
42,3707,83,0,0
42,3708,83,1,1
42,3709,83,0,0
42,3710,83,0,1
42,3711,83,1,1
42,3712,83,1,0
42,3713,83,0,0
42,3714,83,0,0
42,3715,83,1,0
42,3716,83,0,1
42,3717,83,1,0
42,3718,83,1,0
42,3956,89,0,1
42,3957,89,1,1
42,3958,89,0,1
42,3959,89,1,1
42,3960,89,0,1
42,3961,89,1,1
42,3962,89,0,0
42,3963,89,1,1
42,3964,89,1,1
42,3965,89,0,1
42,3966,89,1,1
42,3967,89,0,1
42,3968,89,0,1
42,3969,89,1,1
42,3970,89,0,1
42,3971,89,0,1
42,3972,89,1,1
42,3973,89,1,1
42,3974,89,0,0
42,3975,89,1,1
42,3976,89,0,1
42,3977,89,1,0
42,3978,89,0,1
42,3979,89,0,0
42,3980,89,1,1
42,3981,89,0,1
42,3982,89,1,1
42,3983,89,1,0
42,3984,89,0,0
42,3985,89,0,1
42,3986,89,0,1
42,3987,89,1,1
42,3988,89,0,1
42,3989,89,1,0
42,3990,89,0,1
42,3991,89,1,0
42,3992,89,1,0
42,3993,89,0,1
42,3994,89,0,0
42,3995,89,1,0
42,3996,89,0,1
42,3997,89,1,1
42,3998,89,0,1
42,3999,89,1,1
42,4000,89,0,0
42,4499,101,0,0
42,4500,101,1,0
42,4501,101,1,0
42,4502,101,0,0
42,4503,101,1,0
42,4504,101,0,0
42,4505,101,1,0
42,4506,101,0,0
42,4507,101,1,0
42,4508,101,0,0
42,4509,101,0,0
42,4510,101,1,0
42,4511,101,1,0
42,4512,101,0,0
42,4513,101,0,0
42,4514,101,1,0
42,4515,101,0,0
42,4516,101,0,0
42,4517,101,1,0
42,4518,101,1,0
42,4519,101,0,0
42,4520,101,0,0
42,4521,101,1,0
42,4522,101,1,0
42,4523,101,0,0
42,4524,101,1,0
42,4525,101,0,0
42,4526,101,1,0
42,4527,101,0,0
42,4528,101,1,0
42,4529,101,0,0
42,4530,101,1,0
42,4531,101,0,0
42,4532,101,1,0
42,4533,101,1,0
42,4534,101,0,0
42,4535,101,1,0
42,4536,101,0,0
42,4537,101,1,0
42,4538,101,0,0
42,4539,101,1,0
42,4540,101,0,0
42,4541,101,0,0
42,4542,101,1,0
42,4543,101,1,0
42,4763,107,1,1
42,4764,107,0,0
42,4765,107,0,0
42,4766,107,1,1
42,4767,107,0,1
42,4768,107,1,1
42,4769,107,0,0
42,4770,107,1,0
42,4771,107,0,0
42,4772,107,1,1
42,4773,107,0,0
42,4774,107,1,0
42,4775,107,0,1
42,4776,107,1,0
42,4777,107,0,0
42,4778,107,1,1
42,4779,107,0,1
42,4780,107,1,1
42,4781,107,0,1
42,4782,107,1,1
42,4783,107,0,0
42,4784,107,0,0
42,4785,107,1,0
42,4786,107,0,0
42,4787,107,1,0
42,4788,107,0,0
42,4789,107,1,0
42,4790,107,1,0
42,4791,107,0,0
42,4792,107,0,0
42,4793,107,0,1
42,4794,107,1,0
42,4795,107,1,0
42,4796,107,0,0
42,4797,107,1,1
42,4798,107,0,1
42,4799,107,1,0
42,4800,107,0,0
42,4801,107,1,1
42,4802,107,0,1
42,4803,107,0,0
42,4804,107,1,0
42,4805,107,0,0
42,4806,107,1,0
42,4807,107,0,0
123,0,1,1,0
123,1,1,0,0
123,2,1,0,0
123,3,1,1,0
123,4,1,1,0
123,5,1,0,0
123,6,1,1,1
123,7,1,0,0
123,8,1,1,1
123,9,1,0,0
123,10,1,0,1
123,11,1,1,1
123,12,1,0,0
123,13,1,1,1
123,14,1,0,0
123,15,1,0,0
123,16,1,1,1
123,17,1,0,1
123,18,1,1,0
123,19,1,0,1
123,20,1,1,0
123,21,1,0,1
123,22,1,1,1
123,23,1,1,1
123,24,1,0,0
123,25,1,0,0
123,26,1,1,1
123,27,1,1,0
123,28,1,0,1
123,29,1,0,0
123,30,1,1,1
123,31,1,0,0
123,32,1,1,0
123,33,1,0,1
123,34,1,0,1
123,35,1,1,1
123,36,1,1,0
123,37,1,0,0
123,38,1,0,0
123,39,1,1,1
123,40,1,1,1
123,41,1,0,0
123,42,1,1,1
123,43,1,0,1
123,44,1,1,0
123,90,3,1,0
123,91,3,0,0
123,92,3,1,0
123,93,3,0,0
123,94,3,1,0
123,95,3,0,0
123,96,3,0,0
123,97,3,1,0
123,98,3,0,0
123,99,3,1,0
123,100,3,0,0
123,101,3,1,0
123,102,3,1,0
123,103,3,0,1
123,104,3,0,0
123,105,3,0,1
123,106,3,1,0
123,107,3,0,1
123,108,3,1,0
123,109,3,1,0
123,110,3,0,0
123,111,3,0,0
123,112,3,1,1
123,113,3,1,0
123,114,3,0,0
123,115,3,0,0
123,116,3,1,0
123,117,3,1,0
123,118,3,0,0
123,119,3,1,0
123,120,3,1,1
123,121,3,0,1
123,122,3,1,1
123,123,3,0,1
123,124,3,0,1
123,125,3,1,1
123,126,3,0,0
123,127,3,1,0
123,128,3,1,1
123,129,3,0,0
123,130,3,0,0
123,131,3,1,0
123,132,3,0,0
123,133,3,1,0
123,134,3,0,0
123,810,19,1,1
123,811,19,0,1
123,812,19,0,0
123,813,19,1,1
123,814,19,0,0
123,815,19,1,1
123,816,19,1,1
123,817,19,0,0
123,818,19,1,1
123,819,19,0,1
123,820,19,1,1
123,821,19,0,0
123,822,19,1,1
123,823,19,0,0
123,824,19,0,0
123,825,19,1,0
123,826,19,0,0
123,827,19,1,1
123,828,19,0,0
123,829,19,0,0
123,830,19,1,0
123,831,19,1,0
123,832,19,0,0
123,833,19,1,1
123,834,19,0,0
123,835,19,0,0
123,836,19,1,1
123,837,19,0,0
123,838,19,1,0
123,839,19,0,0
123,840,19,0,1
123,841,19,1,1
123,842,19,0,0
123,843,19,1,1
123,844,19,1,0
123,845,19,0,1
123,846,19,1,0
123,847,19,0,0
123,848,19,1,1
123,849,19,0,0
123,850,19,0,0
123,851,19,1,0
123,852,19,0,1
123,853,19,1,0
123,854,19,1,0
123,1080,25,1,0
123,1081,25,0,0
123,1082,25,1,0
123,1083,25,0,0
123,1084,25,1,0
123,1085,25,0,0
123,1086,25,1,0
123,1087,25,0,0
123,1088,25,1,0
123,1089,25,0,0
123,1090,25,1,0
123,1091,25,0,1
123,1092,25,0,0
123,1093,25,1,0
123,1094,25,1,0
123,1095,25,0,0
123,1096,25,1,1
123,1097,25,1,1
123,1098,25,0,0
123,1099,25,0,0
123,1100,25,1,1
123,1101,25,1,0
123,1102,25,0,0
123,1103,25,0,0
123,1104,25,1,0
123,1105,25,0,0
123,1106,25,1,1
123,1107,25,1,1
123,1108,25,0,0
123,1109,25,1,0
123,1110,25,1,1
123,1111,25,0,0
123,1112,25,0,0
123,1113,25,1,1
123,1114,25,0,1
123,1115,25,1,1
123,1116,25,1,1
123,1117,25,0,0
123,1118,25,1,1
123,1119,25,0,1
123,1120,25,1,1
123,1121,25,0,0
123,1122,25,0,1
123,1123,25,1,0
123,1124,25,0,0
123,1260,29,1,1
123,1261,29,0,0
123,1262,29,1,1
123,1263,29,0,1
123,1264,29,1,1
123,1265,29,0,1
123,1266,29,1,1
123,1267,29,0,0
123,1268,29,1,1
123,1269,29,0,0
123,1270,29,0,0
123,1271,29,1,1
123,1272,29,1,1
123,1273,29,0,0
123,1274,29,0,0
123,1275,29,0,0
123,1276,29,1,1
123,1277,29,1,1
123,1278,29,0,0
123,1279,29,0,0
123,1280,29,1,1
123,1281,29,0,0
123,1282,29,1,1
123,1283,29,0,1
123,1284,29,1,1
123,1285,29,0,0
123,1286,29,1,1
123,1287,29,1,1
123,1288,29,0,0
123,1289,29,0,0
123,1290,29,0,0
123,1291,29,1,1
123,1292,29,1,1
123,1293,29,0,0
123,1294,29,1,1
123,1295,29,0,0
123,1296,29,1,1
123,1297,29,0,0
123,1298,29,1,1
123,1299,29,0,0
123,1300,29,0,0
123,1301,29,1,1
123,1302,29,0,0
123,1303,29,1,1
123,1304,29,1,1
123,1485,34,0,0
123,1486,34,1,1
123,1487,34,0,0
123,1488,34,1,1
123,1489,34,0,0
123,1490,34,1,1
123,1491,34,0,0
123,1492,34,1,0
123,1493,34,1,0
123,1494,34,0,0
123,1495,34,0,0
123,1496,34,1,1
123,1497,34,1,1
123,1498,34,0,0
123,1499,34,1,0
123,1500,34,0,1
123,1501,34,1,1
123,1502,34,0,0
123,1503,34,1,1
123,1504,34,0,0
123,1505,34,1,1
123,1506,34,0,0
123,1507,34,1,0
123,1508,34,1,0
123,1509,34,0,0
123,1510,34,0,0
123,1511,34,1,1
123,1512,34,0,0
123,1513,34,1,1
123,1514,34,0,1
123,1515,34,1,1
123,1516,34,0,0
123,1517,34,1,1
123,1518,34,0,0
123,1519,34,1,1
123,1520,34,0,0
123,1521,34,1,1
123,1522,34,0,0
123,1523,34,1,1
123,1524,34,1,1
123,1525,34,0,0
123,1526,34,1,1
123,1527,34,0,0
123,1661,38,1,1
123,1662,38,0,1
123,1663,38,0,0
123,1664,38,1,0
123,1665,38,0,0
123,1666,38,1,0
123,1667,38,0,0
123,1668,38,1,0
123,1669,38,1,0
123,1670,38,0,0
123,1671,38,0,0
123,1672,38,1,0
123,1673,38,0,1
123,1674,38,1,0
123,1675,38,0,0
123,1676,38,1,0
123,1677,38,0,0
123,1678,38,0,0
123,1679,38,1,0
123,1680,38,0,1
123,1681,38,1,1
123,1682,38,1,1
123,1683,38,0,0
123,1684,38,1,0
123,1685,38,0,0
123,1686,38,1,0
123,1687,38,0,0
123,1688,38,0,0
123,1689,38,1,1
123,1690,38,0,0
123,1691,38,1,0
123,1692,38,0,0
123,1693,38,1,0
123,1694,38,0,0
123,1695,38,1,0
123,1696,38,0,0
123,1697,38,1,0
123,1698,38,0,0
123,1699,38,1,0
123,1700,38,0,0
123,1701,38,1,0
123,1702,38,0,0
123,1703,38,0,0
123,1704,38,1,1
123,1705,38,1,0
123,2065,47,0,0
123,2066,47,1,0
123,2067,47,0,0
123,2068,47,1,0
123,2069,47,1,0
123,2070,47,0,0
123,2071,47,1,0
123,2072,47,0,0
123,2073,47,0,0
123,2074,47,1,1
123,2075,47,1,0
123,2076,47,0,0
123,2077,47,1,0
123,2078,47,0,0
123,2079,47,0,0
123,2080,47,0,0
123,2081,47,1,0
123,2082,47,0,0
123,2083,47,1,1
123,2084,47,1,0
123,2085,47,0,0
123,2086,47,0,0
123,2087,47,1,0
123,2088,47,0,0
123,2089,47,1,0
123,2090,47,1,1
123,2091,47,0,0
123,2092,47,0,0
123,2093,47,1,0
123,2094,47,0,1
123,2095,47,1,0
123,2096,47,0,1
123,2097,47,1,1
123,2098,47,0,0
123,2099,47,0,0
123,2100,47,1,1
123,2101,47,0,1
123,2102,47,1,1
123,2103,47,1,0
123,2104,47,0,0
123,2105,47,1,1
123,2106,47,0,0
123,2107,47,0,1
123,2108,47,1,0
123,2109,47,0,0
123,2650,60,0,0
123,2651,60,1,0
123,2652,60,1,1
123,2653,60,0,1
123,2654,60,0,0
123,2655,60,1,1
123,2656,60,0,0
123,2657,60,1,1
123,2658,60,1,1
123,2659,60,0,0
123,2660,60,0,1
123,2661,60,1,1
123,2662,60,1,1
123,2663,60,0,0
123,2664,60,1,1
123,2665,60,0,0
123,2666,60,1,1
123,2667,60,1,1
123,2668,60,0,0
123,2669,60,0,0
123,2670,60,1,1
123,2671,60,1,1
123,2672,60,0,0
123,2673,60,0,1
123,2674,60,1,1
123,2675,60,1,1
123,2676,60,0,1
123,2677,60,1,1
123,2678,60,0,1
123,2679,60,0,0
123,2680,60,0,0
123,2681,60,1,1
123,2682,60,0,0
123,2683,60,1,1
123,2684,60,1,1
123,2685,60,0,1
123,2686,60,0,0
123,2687,60,1,1
123,2688,60,0,0
123,2689,60,1,1
123,2690,60,0,0
123,2691,60,1,1
123,2692,60,0,1
123,2693,60,1,1
123,2694,60,0,0
123,3054,69,0,1
123,3055,69,1,1
123,3056,69,0,1
123,3057,69,1,1
123,3058,69,1,0
123,3059,69,0,1
123,3060,69,0,1
123,3061,69,1,1
123,3062,69,0,0
123,3063,69,1,1
123,3064,69,1,0
123,3065,69,0,1
123,3066,69,0,0
123,3067,69,1,1
123,3068,69,0,1
123,3069,69,0,0
123,3070,69,1,1
123,3071,69,1,1
123,3072,69,0,0
123,3073,69,0,1
123,3074,69,1,1
123,3075,69,1,1
123,3076,69,0,0
123,3077,69,1,1
123,3078,69,0,0
123,3079,69,0,0
123,3080,69,1,0
123,3081,69,1,0
123,3082,69,0,1
123,3083,69,0,1
123,3084,69,0,1
123,3085,69,1,0
123,3086,69,1,1
123,3087,69,0,1
123,3088,69,0,1
123,3089,69,1,0
123,3090,69,1,1
123,3091,69,0,1
123,3092,69,1,1
123,3093,69,0,1
123,3094,69,0,1
123,3095,69,1,0
123,3096,69,0,1
123,3097,69,1,1
123,3098,69,0,1
123,3494,79,0,0
123,3495,79,1,1
123,3496,79,0,1
123,3497,79,1,1
123,3498,79,0,1
123,3499,79,1,1
123,3500,79,0,1
123,3501,79,1,1
123,3502,79,0,0
123,3503,79,1,1
123,3504,79,0,0
123,3505,79,1,0
123,3506,79,1,1
123,3507,79,0,0
123,3508,79,0,0
123,3509,79,0,1
123,3510,79,1,1
123,3511,79,1,1
123,3512,79,0,0
123,3513,79,0,0
123,3514,79,1,0
123,3515,79,1,0
123,3516,79,0,1
123,3517,79,0,1
123,3518,79,1,0
123,3519,79,1,0
123,3520,79,0,0
123,3521,79,0,0
123,3522,79,1,1
123,3523,79,1,0
123,3524,79,1,0
123,3525,79,0,0
123,3526,79,1,1
123,3527,79,0,0
123,3528,79,0,0
123,3529,79,1,0
123,3530,79,1,0
123,3531,79,0,0
123,3532,79,1,1
123,3533,79,0,0
123,3534,79,1,0
123,3535,79,0,0
123,3536,79,1,1
123,3537,79,0,0
123,3538,79,1,0
123,3539,80,0,0
123,3540,80,1,0
123,3541,80,1,1
123,3542,80,0,0
123,3543,80,0,0
123,3544,80,1,0
123,3545,80,0,0
123,3546,80,1,0
123,3547,80,0,0
123,3548,80,1,0
123,3549,80,1,0
123,3550,80,0,0
123,3551,80,1,0
123,3552,80,0,0
123,3553,80,1,0
123,3554,80,1,0
123,3555,80,0,0
123,3556,80,0,0
123,3557,80,1,0
123,3558,80,0,0
123,3559,80,1,1
123,3560,80,1,0
123,3561,80,0,1
123,3562,80,1,0
123,3563,80,0,0
123,3564,80,0,1
123,3565,80,1,0
123,3566,80,1,0
123,3567,80,0,0
123,3568,80,0,1
123,3569,80,0,0
123,3570,80,1,0
123,3571,80,0,0
123,3572,80,1,0
123,3573,80,0,0
123,3574,80,1,0
123,3575,80,0,0
123,3576,80,1,1
123,3577,80,0,0
123,3578,80,1,1
123,3579,80,1,0
123,3580,80,0,0
123,3581,80,1,0
123,3582,80,0,0
123,3583,80,0,0
123,3674,83,0,0
123,3675,83,1,0
123,3676,83,1,1
123,3677,83,0,0
123,3678,83,0,0
123,3679,83,1,0
123,3680,83,1,0
123,3681,83,0,0
123,3682,83,1,0
123,3683,83,0,0
123,3684,83,1,0
123,3685,83,0,0
123,3686,83,1,0
123,3687,83,0,0
123,3688,83,0,0
123,3689,83,0,1
123,3690,83,1,0
123,3691,83,0,0
123,3692,83,1,0
123,3693,83,1,0
123,3694,83,0,0
123,3695,83,0,1
123,3696,83,1,1
123,3697,83,1,1
123,3698,83,0,0
123,3699,83,1,0
123,3700,83,0,0
123,3701,83,1,1
123,3702,83,0,0
123,3703,83,1,0
123,3704,83,0,0
123,3705,83,1,0
123,3706,83,1,1
123,3707,83,0,0
123,3708,83,1,1
123,3709,83,0,0
123,3710,83,0,0
123,3711,83,1,1
123,3712,83,1,0
123,3713,83,0,0
123,3714,83,0,0
123,3715,83,1,0
123,3716,83,0,1
123,3717,83,1,1
123,3718,83,1,0
123,3956,89,0,0
123,3957,89,1,0
123,3958,89,0,0
123,3959,89,1,0
123,3960,89,0,0
123,3961,89,1,0
123,3962,89,0,0
123,3963,89,1,0
123,3964,89,1,0
123,3965,89,0,0
123,3966,89,1,0
123,3967,89,0,0
123,3968,89,0,0
123,3969,89,1,0
123,3970,89,0,0
123,3971,89,0,0
123,3972,89,1,0
123,3973,89,1,0
123,3974,89,0,0
123,3975,89,1,0
123,3976,89,0,0
123,3977,89,1,0
123,3978,89,0,0
123,3979,89,0,0
123,3980,89,1,0
123,3981,89,0,0
123,3982,89,1,0
123,3983,89,1,0
123,3984,89,0,0
123,3985,89,0,0
123,3986,89,0,0
123,3987,89,1,0
123,3988,89,0,0
123,3989,89,1,0
123,3990,89,0,0
123,3991,89,1,0
123,3992,89,1,0
123,3993,89,0,0
123,3994,89,0,0
123,3995,89,1,0
123,3996,89,0,0
123,3997,89,1,0
123,3998,89,0,0
123,3999,89,1,0
123,4000,89,0,0
123,4499,101,0,0
123,4500,101,1,0
123,4501,101,1,0
123,4502,101,0,0
123,4503,101,1,0
123,4504,101,0,0
123,4505,101,1,0
123,4506,101,0,0
123,4507,101,1,0
123,4508,101,0,0
123,4509,101,0,0
123,4510,101,1,0
123,4511,101,1,0
123,4512,101,0,0
123,4513,101,0,0
123,4514,101,1,0
123,4515,101,0,0
123,4516,101,0,0
123,4517,101,1,0
123,4518,101,1,0
123,4519,101,0,0
123,4520,101,0,0
123,4521,101,1,0
123,4522,101,1,0
123,4523,101,0,0
123,4524,101,1,0
123,4525,101,0,0
123,4526,101,1,0
123,4527,101,0,0
123,4528,101,1,0
123,4529,101,0,0
123,4530,101,1,0
123,4531,101,0,0
123,4532,101,1,0
123,4533,101,1,0
123,4534,101,0,0
123,4535,101,1,0
123,4536,101,0,0
123,4537,101,1,0
123,4538,101,0,0
123,4539,101,1,0
123,4540,101,0,0
123,4541,101,0,0
123,4542,101,1,0
123,4543,101,1,0
123,4763,107,1,1
123,4764,107,0,0
123,4765,107,0,0
123,4766,107,1,1
123,4767,107,0,1
123,4768,107,1,1
123,4769,107,0,0
123,4770,107,1,1
123,4771,107,0,0
123,4772,107,1,1
123,4773,107,0,0
123,4774,107,1,1
123,4775,107,0,1
123,4776,107,1,1
123,4777,107,0,1
123,4778,107,1,1
123,4779,107,0,1
123,4780,107,1,1
123,4781,107,0,1
123,4782,107,1,1
123,4783,107,0,0
123,4784,107,0,0
123,4785,107,1,0
123,4786,107,0,0
123,4787,107,1,0
123,4788,107,0,0
123,4789,107,1,0
123,4790,107,1,0
123,4791,107,0,0
123,4792,107,0,0
123,4793,107,0,1
123,4794,107,1,0
123,4795,107,1,1
123,4796,107,0,1
123,4797,107,1,1
123,4798,107,0,1
123,4799,107,1,1
123,4800,107,0,0
123,4801,107,1,1
123,4802,107,0,1
123,4803,107,0,0
123,4804,107,1,0
123,4805,107,0,0
123,4806,107,1,1
123,4807,107,0,0
456,0,1,1,0
456,1,1,0,0
456,2,1,0,0
456,3,1,1,1
456,4,1,1,0
456,5,1,0,0
456,6,1,1,1
456,7,1,0,0
456,8,1,1,0
456,9,1,0,0
456,10,1,0,1
456,11,1,1,1
456,12,1,0,1
456,13,1,1,1
456,14,1,0,1
456,15,1,0,0
456,16,1,1,1
456,17,1,0,1
456,18,1,1,1
456,19,1,0,0
456,20,1,1,1
456,21,1,0,1
456,22,1,1,1
456,23,1,1,1
456,24,1,0,0
456,25,1,0,1
456,26,1,1,1
456,27,1,1,1
456,28,1,0,1
456,29,1,0,0
456,30,1,1,0
456,31,1,0,0
456,32,1,1,0
456,33,1,0,1
456,34,1,0,1
456,35,1,1,1
456,36,1,1,1
456,37,1,0,0
456,38,1,0,0
456,39,1,1,1
456,40,1,1,1
456,41,1,0,0
456,42,1,1,1
456,43,1,0,1
456,44,1,1,0
456,90,3,1,0
456,91,3,0,0
456,92,3,1,0
456,93,3,0,0
456,94,3,1,0
456,95,3,0,0
456,96,3,0,0
456,97,3,1,0
456,98,3,0,0
456,99,3,1,0
456,100,3,0,0
456,101,3,1,0
456,102,3,1,0
456,103,3,0,0
456,104,3,0,0
456,105,3,0,1
456,106,3,1,1
456,107,3,0,0
456,108,3,1,0
456,109,3,1,1
456,110,3,0,0
456,111,3,0,1
456,112,3,1,1
456,113,3,1,0
456,114,3,0,0
456,115,3,0,0
456,116,3,1,0
456,117,3,1,0
456,118,3,0,0
456,119,3,1,0
456,120,3,1,1
456,121,3,0,0
456,122,3,1,1
456,123,3,0,1
456,124,3,0,1
456,125,3,1,1
456,126,3,0,0
456,127,3,1,0
456,128,3,1,1
456,129,3,0,0
456,130,3,0,0
456,131,3,1,0
456,132,3,0,0
456,133,3,1,0
456,134,3,0,0
456,810,19,1,1
456,811,19,0,1
456,812,19,0,1
456,813,19,1,1
456,814,19,0,1
456,815,19,1,1
456,816,19,1,1
456,817,19,0,0
456,818,19,1,1
456,819,19,0,1
456,820,19,1,1
456,821,19,0,0
456,822,19,1,0
456,823,19,0,0
456,824,19,0,0
456,825,19,1,0
456,826,19,0,0
456,827,19,1,0
456,828,19,0,0
456,829,19,0,0
456,830,19,1,0
456,831,19,1,1
456,832,19,0,0
456,833,19,1,0
456,834,19,0,0
456,835,19,0,0
456,836,19,1,0
456,837,19,0,0
456,838,19,1,0
456,839,19,0,0
456,840,19,0,1
456,841,19,1,1
456,842,19,0,0
456,843,19,1,1
456,844,19,1,0
456,845,19,0,0
456,846,19,1,0
456,847,19,0,0
456,848,19,1,0
456,849,19,0,0
456,850,19,0,0
456,851,19,1,0
456,852,19,0,0
456,853,19,1,0
456,854,19,1,0
456,1080,25,1,0
456,1081,25,0,0
456,1082,25,1,0
456,1083,25,0,0
456,1084,25,1,1
456,1085,25,0,0
456,1086,25,1,0
456,1087,25,0,0
456,1088,25,1,0
456,1089,25,0,0
456,1090,25,1,0
456,1091,25,0,0
456,1092,25,0,0
456,1093,25,1,0
456,1094,25,1,0
456,1095,25,0,0
456,1096,25,1,1
456,1097,25,1,1
456,1098,25,0,0
456,1099,25,0,0
456,1100,25,1,1
456,1101,25,1,1
456,1102,25,0,0
456,1103,25,0,0
456,1104,25,1,1
456,1105,25,0,0
456,1106,25,1,1
456,1107,25,1,1
456,1108,25,0,0
456,1109,25,1,0
456,1110,25,1,1
456,1111,25,0,0
456,1112,25,0,0
456,1113,25,1,1
456,1114,25,0,0
456,1115,25,1,1
456,1116,25,1,1
456,1117,25,0,0
456,1118,25,1,1
456,1119,25,0,1
456,1120,25,1,1
456,1121,25,0,0
456,1122,25,0,1
456,1123,25,1,0
456,1124,25,0,0
456,1260,29,1,1
456,1261,29,0,0
456,1262,29,1,1
456,1263,29,0,0
456,1264,29,1,1
456,1265,29,0,1
456,1266,29,1,1
456,1267,29,0,0
456,1268,29,1,1
456,1269,29,0,0
456,1270,29,0,0
456,1271,29,1,1
456,1272,29,1,1
456,1273,29,0,0
456,1274,29,0,0
456,1275,29,0,0
456,1276,29,1,1
456,1277,29,1,1
456,1278,29,0,0
456,1279,29,0,0
456,1280,29,1,1
456,1281,29,0,0
456,1282,29,1,1
456,1283,29,0,1
456,1284,29,1,1
456,1285,29,0,0
456,1286,29,1,1
456,1287,29,1,1
456,1288,29,0,0
456,1289,29,0,0
456,1290,29,0,0
456,1291,29,1,1
456,1292,29,1,1
456,1293,29,0,0
456,1294,29,1,1
456,1295,29,0,0
456,1296,29,1,1
456,1297,29,0,0
456,1298,29,1,1
456,1299,29,0,0
456,1300,29,0,0
456,1301,29,1,1
456,1302,29,0,0
456,1303,29,1,1
456,1304,29,1,1
456,1485,34,0,0
456,1486,34,1,1
456,1487,34,0,0
456,1488,34,1,0
456,1489,34,0,0
456,1490,34,1,1
456,1491,34,0,0
456,1492,34,1,0
456,1493,34,1,0
456,1494,34,0,0
456,1495,34,0,0
456,1496,34,1,1
456,1497,34,1,1
456,1498,34,0,0
456,1499,34,1,0
456,1500,34,0,0
456,1501,34,1,1
456,1502,34,0,0
456,1503,34,1,1
456,1504,34,0,0
456,1505,34,1,1
456,1506,34,0,0
456,1507,34,1,0
456,1508,34,1,0
456,1509,34,0,0
456,1510,34,0,0
456,1511,34,1,1
456,1512,34,0,0
456,1513,34,1,1
456,1514,34,0,0
456,1515,34,1,0
456,1516,34,0,0
456,1517,34,1,1
456,1518,34,0,0
456,1519,34,1,0
456,1520,34,0,0
456,1521,34,1,1
456,1522,34,0,0
456,1523,34,1,1
456,1524,34,1,1
456,1525,34,0,0
456,1526,34,1,1
456,1527,34,0,0
456,1661,38,1,0
456,1662,38,0,1
456,1663,38,0,0
456,1664,38,1,0
456,1665,38,0,0
456,1666,38,1,0
456,1667,38,0,0
456,1668,38,1,0
456,1669,38,1,0
456,1670,38,0,0
456,1671,38,0,0
456,1672,38,1,0
456,1673,38,0,1
456,1674,38,1,0
456,1675,38,0,0
456,1676,38,1,1
456,1677,38,0,0
456,1678,38,0,0
456,1679,38,1,1
456,1680,38,0,0
456,1681,38,1,1
456,1682,38,1,1
456,1683,38,0,0
456,1684,38,1,0
456,1685,38,0,0
456,1686,38,1,0
456,1687,38,0,0
456,1688,38,0,0
456,1689,38,1,1
456,1690,38,0,0
456,1691,38,1,0
456,1692,38,0,0
456,1693,38,1,0
456,1694,38,0,0
456,1695,38,1,0
456,1696,38,0,0
456,1697,38,1,0
456,1698,38,0,0
456,1699,38,1,0
456,1700,38,0,0
456,1701,38,1,0
456,1702,38,0,0
456,1703,38,0,0
456,1704,38,1,1
456,1705,38,1,0
456,2065,47,0,0
456,2066,47,1,0
456,2067,47,0,0
456,2068,47,1,0
456,2069,47,1,0
456,2070,47,0,0
456,2071,47,1,0
456,2072,47,0,0
456,2073,47,0,0
456,2074,47,1,0
456,2075,47,1,0
456,2076,47,0,0
456,2077,47,1,0
456,2078,47,0,0
456,2079,47,0,0
456,2080,47,0,0
456,2081,47,1,0
456,2082,47,0,0
456,2083,47,1,0
456,2084,47,1,0
456,2085,47,0,0
456,2086,47,0,0
456,2087,47,1,0
456,2088,47,0,0
456,2089,47,1,0
456,2090,47,1,0
456,2091,47,0,0
456,2092,47,0,0
456,2093,47,1,0
456,2094,47,0,0
456,2095,47,1,0
456,2096,47,0,0
456,2097,47,1,1
456,2098,47,0,0
456,2099,47,0,0
456,2100,47,1,1
456,2101,47,0,1
456,2102,47,1,0
456,2103,47,1,0
456,2104,47,0,0
456,2105,47,1,0
456,2106,47,0,0
456,2107,47,0,0
456,2108,47,1,0
456,2109,47,0,0
456,2650,60,0,0
456,2651,60,1,1
456,2652,60,1,0
456,2653,60,0,1
456,2654,60,0,0
456,2655,60,1,0
456,2656,60,0,1
456,2657,60,1,1
456,2658,60,1,1
456,2659,60,0,0
456,2660,60,0,1
456,2661,60,1,1
456,2662,60,1,1
456,2663,60,0,0
456,2664,60,1,1
456,2665,60,0,0
456,2666,60,1,1
456,2667,60,1,1
456,2668,60,0,0
456,2669,60,0,0
456,2670,60,1,1
456,2671,60,1,1
456,2672,60,0,0
456,2673,60,0,1
456,2674,60,1,1
456,2675,60,1,1
456,2676,60,0,1
456,2677,60,1,1
456,2678,60,0,1
456,2679,60,0,0
456,2680,60,0,0
456,2681,60,1,1
456,2682,60,0,0
456,2683,60,1,1
456,2684,60,1,1
456,2685,60,0,1
456,2686,60,0,0
456,2687,60,1,1
456,2688,60,0,0
456,2689,60,1,1
456,2690,60,0,0
456,2691,60,1,1
456,2692,60,0,1
456,2693,60,1,1
456,2694,60,0,0
456,3054,69,0,1
456,3055,69,1,1
456,3056,69,0,0
456,3057,69,1,1
456,3058,69,1,0
456,3059,69,0,1
456,3060,69,0,1
456,3061,69,1,1
456,3062,69,0,0
456,3063,69,1,1
456,3064,69,1,1
456,3065,69,0,1
456,3066,69,0,0
456,3067,69,1,0
456,3068,69,0,0
456,3069,69,0,0
456,3070,69,1,1
456,3071,69,1,0
456,3072,69,0,0
456,3073,69,0,0
456,3074,69,1,1
456,3075,69,1,0
456,3076,69,0,1
456,3077,69,1,1
456,3078,69,0,0
456,3079,69,0,0
456,3080,69,1,0
456,3081,69,1,0
456,3082,69,0,0
456,3083,69,0,1
456,3084,69,0,1
456,3085,69,1,1
456,3086,69,1,1
456,3087,69,0,0
456,3088,69,0,1
456,3089,69,1,0
456,3090,69,1,1
456,3091,69,0,1
456,3092,69,1,1
456,3093,69,0,0
456,3094,69,0,1
456,3095,69,1,0
456,3096,69,0,1
456,3097,69,1,1
456,3098,69,0,0
456,3494,79,0,1
456,3495,79,1,1
456,3496,79,0,1
456,3497,79,1,1
456,3498,79,0,1
456,3499,79,1,1
456,3500,79,0,1
456,3501,79,1,1
456,3502,79,0,1
456,3503,79,1,1
456,3504,79,0,1
456,3505,79,1,1
456,3506,79,1,1
456,3507,79,0,1
456,3508,79,0,1
456,3509,79,0,1
456,3510,79,1,1
456,3511,79,1,1
456,3512,79,0,0
456,3513,79,0,1
456,3514,79,1,0
456,3515,79,1,0
456,3516,79,0,1
456,3517,79,0,1
456,3518,79,1,1
456,3519,79,1,0
456,3520,79,0,0
456,3521,79,0,0
456,3522,79,1,1
456,3523,79,1,0
456,3524,79,1,0
456,3525,79,0,0
456,3526,79,1,1
456,3527,79,0,0
456,3528,79,0,0
456,3529,79,1,0
456,3530,79,1,0
456,3531,79,0,0
456,3532,79,1,1
456,3533,79,0,0
456,3534,79,1,0
456,3535,79,0,0
456,3536,79,1,1
456,3537,79,0,0
456,3538,79,1,0
456,3539,80,0,0
456,3540,80,1,0
456,3541,80,1,1
456,3542,80,0,0
456,3543,80,0,0
456,3544,80,1,1
456,3545,80,0,0
456,3546,80,1,1
456,3547,80,0,1
456,3548,80,1,0
456,3549,80,1,0
456,3550,80,0,0
456,3551,80,1,1
456,3552,80,0,1
456,3553,80,1,0
456,3554,80,1,1
456,3555,80,0,0
456,3556,80,0,1
456,3557,80,1,1
456,3558,80,0,1
456,3559,80,1,1
456,3560,80,1,0
456,3561,80,0,1
456,3562,80,1,0
456,3563,80,0,0
456,3564,80,0,1
456,3565,80,1,0
456,3566,80,1,0
456,3567,80,0,0
456,3568,80,0,1
456,3569,80,0,1
456,3570,80,1,1
456,3571,80,0,0
456,3572,80,1,0
456,3573,80,0,0
456,3574,80,1,1
456,3575,80,0,1
456,3576,80,1,1
456,3577,80,0,1
456,3578,80,1,1
456,3579,80,1,0
456,3580,80,0,0
456,3581,80,1,1
456,3582,80,0,0
456,3583,80,0,0
456,3674,83,0,0
456,3675,83,1,0
456,3676,83,1,1
456,3677,83,0,0
456,3678,83,0,0
456,3679,83,1,0
456,3680,83,1,0
456,3681,83,0,0
456,3682,83,1,0
456,3683,83,0,1
456,3684,83,1,0
456,3685,83,0,0
456,3686,83,1,0
456,3687,83,0,0
456,3688,83,0,0
456,3689,83,0,1
456,3690,83,1,0
456,3691,83,0,1
456,3692,83,1,0
456,3693,83,1,1
456,3694,83,0,0
456,3695,83,0,0
456,3696,83,1,1
456,3697,83,1,1
456,3698,83,0,0
456,3699,83,1,0
456,3700,83,0,0
456,3701,83,1,1
456,3702,83,0,0
456,3703,83,1,0
456,3704,83,0,0
456,3705,83,1,0
456,3706,83,1,0
456,3707,83,0,0
456,3708,83,1,0
456,3709,83,0,0
456,3710,83,0,0
456,3711,83,1,1
456,3712,83,1,0
456,3713,83,0,0
456,3714,83,0,0
456,3715,83,1,0
456,3716,83,0,1
456,3717,83,1,0
456,3718,83,1,0
456,3956,89,0,0
456,3957,89,1,0
456,3958,89,0,0
456,3959,89,1,0
456,3960,89,0,0
456,3961,89,1,0
456,3962,89,0,0
456,3963,89,1,0
456,3964,89,1,0
456,3965,89,0,0
456,3966,89,1,0
456,3967,89,0,0
456,3968,89,0,0
456,3969,89,1,0
456,3970,89,0,0
456,3971,89,0,0
456,3972,89,1,0
456,3973,89,1,0
456,3974,89,0,0
456,3975,89,1,0
456,3976,89,0,0
456,3977,89,1,0
456,3978,89,0,0
456,3979,89,0,0
456,3980,89,1,0
456,3981,89,0,0
456,3982,89,1,0
456,3983,89,1,0
456,3984,89,0,0
456,3985,89,0,0
456,3986,89,0,0
456,3987,89,1,0
456,3988,89,0,0
456,3989,89,1,0
456,3990,89,0,0
456,3991,89,1,0
456,3992,89,1,0
456,3993,89,0,0
456,3994,89,0,0
456,3995,89,1,0
456,3996,89,0,0
456,3997,89,1,0
456,3998,89,0,0
456,3999,89,1,0
456,4000,89,0,0
456,4499,101,0,0
456,4500,101,1,0
456,4501,101,1,0
456,4502,101,0,0
456,4503,101,1,0
456,4504,101,0,0
456,4505,101,1,0
456,4506,101,0,0
456,4507,101,1,0
456,4508,101,0,0
456,4509,101,0,0
456,4510,101,1,0
456,4511,101,1,0
456,4512,101,0,0
456,4513,101,0,0
456,4514,101,1,0
456,4515,101,0,0
456,4516,101,0,0
456,4517,101,1,0
456,4518,101,1,0
456,4519,101,0,0
456,4520,101,0,0
456,4521,101,1,0
456,4522,101,1,0
456,4523,101,0,0
456,4524,101,1,0
456,4525,101,0,0
456,4526,101,1,0
456,4527,101,0,0
456,4528,101,1,0
456,4529,101,0,0
456,4530,101,1,0
456,4531,101,0,0
456,4532,101,1,0
456,4533,101,1,0
456,4534,101,0,0
456,4535,101,1,0
456,4536,101,0,0
456,4537,101,1,0
456,4538,101,0,0
456,4539,101,1,0
456,4540,101,0,0
456,4541,101,0,0
456,4542,101,1,0
456,4543,101,1,0
456,4763,107,1,1
456,4764,107,0,0
456,4765,107,0,0
456,4766,107,1,1
456,4767,107,0,1
456,4768,107,1,1
456,4769,107,0,0
456,4770,107,1,1
456,4771,107,0,1
456,4772,107,1,1
456,4773,107,0,1
456,4774,107,1,1
456,4775,107,0,1
456,4776,107,1,1
456,4777,107,0,1
456,4778,107,1,1
456,4779,107,0,1
456,4780,107,1,1
456,4781,107,0,1
456,4782,107,1,1
456,4783,107,0,0
456,4784,107,0,0
456,4785,107,1,1
456,4786,107,0,0
456,4787,107,1,0
456,4788,107,0,1
456,4789,107,1,0
456,4790,107,1,0
456,4791,107,0,0
456,4792,107,0,0
456,4793,107,0,1
456,4794,107,1,0
456,4795,107,1,1
456,4796,107,0,1
456,4797,107,1,1
456,4798,107,0,1
456,4799,107,1,1
456,4800,107,0,0
456,4801,107,1,1
456,4802,107,0,1
456,4803,107,0,1
456,4804,107,1,1
456,4805,107,0,0
456,4806,107,1,0
456,4807,107,0,0
789,0,1,1,0
789,1,1,0,0
789,2,1,0,0
789,3,1,1,1
789,4,1,1,0
789,5,1,0,0
789,6,1,1,1
789,7,1,0,0
789,8,1,1,1
789,9,1,0,0
789,10,1,0,1
789,11,1,1,1
789,12,1,0,0
789,13,1,1,1
789,14,1,0,0
789,15,1,0,1
789,16,1,1,1
789,17,1,0,1
789,18,1,1,1
789,19,1,0,0
789,20,1,1,0
789,21,1,0,0
789,22,1,1,1
789,23,1,1,1
789,24,1,0,1
789,25,1,0,1
789,26,1,1,1
789,27,1,1,1
789,28,1,0,0
789,29,1,0,0
789,30,1,1,1
789,31,1,0,0
789,32,1,1,0
789,33,1,0,1
789,34,1,0,1
789,35,1,1,1
789,36,1,1,1
789,37,1,0,0
789,38,1,0,0
789,39,1,1,1
789,40,1,1,1
789,41,1,0,0
789,42,1,1,1
789,43,1,0,1
789,44,1,1,0
789,90,3,1,0
789,91,3,0,0
789,92,3,1,1
789,93,3,0,0
789,94,3,1,0
789,95,3,0,0
789,96,3,0,1
789,97,3,1,0
789,98,3,0,0
789,99,3,1,0
789,100,3,0,0
789,101,3,1,0
789,102,3,1,0
789,103,3,0,1
789,104,3,0,0
789,105,3,0,1
789,106,3,1,0
789,107,3,0,0
789,108,3,1,0
789,109,3,1,0
789,110,3,0,0
789,111,3,0,1
789,112,3,1,1
789,113,3,1,0
789,114,3,0,0
789,115,3,0,0
789,116,3,1,0
789,117,3,1,0
789,118,3,0,0
789,119,3,1,0
789,120,3,1,0
789,121,3,0,1
789,122,3,1,0
789,123,3,0,1
789,124,3,0,1
789,125,3,1,1
789,126,3,0,0
789,127,3,1,0
789,128,3,1,1
789,129,3,0,1
789,130,3,0,1
789,131,3,1,0
789,132,3,0,0
789,133,3,1,0
789,134,3,0,0
789,810,19,1,0
789,811,19,0,1
789,812,19,0,1
789,813,19,1,1
789,814,19,0,0
789,815,19,1,1
789,816,19,1,1
789,817,19,0,0
789,818,19,1,0
789,819,19,0,0
789,820,19,1,1
789,821,19,0,0
789,822,19,1,0
789,823,19,0,0
789,824,19,0,0
789,825,19,1,0
789,826,19,0,0
789,827,19,1,0
789,828,19,0,0
789,829,19,0,0
789,830,19,1,0
789,831,19,1,1
789,832,19,0,0
789,833,19,1,0
789,834,19,0,0
789,835,19,0,0
789,836,19,1,0
789,837,19,0,0
789,838,19,1,0
789,839,19,0,0
789,840,19,0,1
789,841,19,1,1
789,842,19,0,0
789,843,19,1,1
789,844,19,1,0
789,845,19,0,0
789,846,19,1,0
789,847,19,0,0
789,848,19,1,0
789,849,19,0,0
789,850,19,0,0
789,851,19,1,0
789,852,19,0,0
789,853,19,1,0
789,854,19,1,0
789,1080,25,1,0
789,1081,25,0,0
789,1082,25,1,0
789,1083,25,0,0
789,1084,25,1,0
789,1085,25,0,0
789,1086,25,1,0
789,1087,25,0,0
789,1088,25,1,0
789,1089,25,0,0
789,1090,25,1,0
789,1091,25,0,1
789,1092,25,0,0
789,1093,25,1,0
789,1094,25,1,1
789,1095,25,0,0
789,1096,25,1,1
789,1097,25,1,0
789,1098,25,0,0
789,1099,25,0,0
789,1100,25,1,1
789,1101,25,1,1
789,1102,25,0,0
789,1103,25,0,0
789,1104,25,1,1
789,1105,25,0,0
789,1106,25,1,1
789,1107,25,1,1
789,1108,25,0,0
789,1109,25,1,0
789,1110,25,1,1
789,1111,25,0,0
789,1112,25,0,1
789,1113,25,1,0
789,1114,25,0,0
789,1115,25,1,1
789,1116,25,1,1
789,1117,25,0,0
789,1118,25,1,0
789,1119,25,0,1
789,1120,25,1,1
789,1121,25,0,0
789,1122,25,0,1
789,1123,25,1,0
789,1124,25,0,0
789,1260,29,1,1
789,1261,29,0,0
789,1262,29,1,1
789,1263,29,0,0
789,1264,29,1,1
789,1265,29,0,1
789,1266,29,1,1
789,1267,29,0,0
789,1268,29,1,1
789,1269,29,0,0
789,1270,29,0,0
789,1271,29,1,1
789,1272,29,1,1
789,1273,29,0,0
789,1274,29,0,0
789,1275,29,0,0
789,1276,29,1,1
789,1277,29,1,1
789,1278,29,0,0
789,1279,29,0,0
789,1280,29,1,1
789,1281,29,0,0
789,1282,29,1,1
789,1283,29,0,0
789,1284,29,1,1
789,1285,29,0,0
789,1286,29,1,1
789,1287,29,1,1
789,1288,29,0,0
789,1289,29,0,0
789,1290,29,0,0
789,1291,29,1,1
789,1292,29,1,1
789,1293,29,0,0
789,1294,29,1,1
789,1295,29,0,0
789,1296,29,1,1
789,1297,29,0,0
789,1298,29,1,1
789,1299,29,0,0
789,1300,29,0,0
789,1301,29,1,1
789,1302,29,0,0
789,1303,29,1,1
789,1304,29,1,1
789,1485,34,0,0
789,1486,34,1,1
789,1487,34,0,0
789,1488,34,1,1
789,1489,34,0,0
789,1490,34,1,1
789,1491,34,0,1
789,1492,34,1,0
789,1493,34,1,0
789,1494,34,0,0
789,1495,34,0,0
789,1496,34,1,1
789,1497,34,1,1
789,1498,34,0,0
789,1499,34,1,1
789,1500,34,0,1
789,1501,34,1,1
789,1502,34,0,0
789,1503,34,1,1
789,1504,34,0,0
789,1505,34,1,1
789,1506,34,0,0
789,1507,34,1,1
789,1508,34,1,1
789,1509,34,0,0
789,1510,34,0,0
789,1511,34,1,1
789,1512,34,0,0
789,1513,34,1,1
789,1514,34,0,1
789,1515,34,1,1
789,1516,34,0,0
789,1517,34,1,1
789,1518,34,0,0
789,1519,34,1,1
789,1520,34,0,0
789,1521,34,1,1
789,1522,34,0,0
789,1523,34,1,1
789,1524,34,1,1
789,1525,34,0,0
789,1526,34,1,1
789,1527,34,0,0
789,1661,38,1,1
789,1662,38,0,1
789,1663,38,0,0
789,1664,38,1,0
789,1665,38,0,0
789,1666,38,1,0
789,1667,38,0,0
789,1668,38,1,0
789,1669,38,1,0
789,1670,38,0,0
789,1671,38,0,0
789,1672,38,1,0
789,1673,38,0,1
789,1674,38,1,0
789,1675,38,0,0
789,1676,38,1,1
789,1677,38,0,0
789,1678,38,0,0
789,1679,38,1,1
789,1680,38,0,1
789,1681,38,1,1
789,1682,38,1,1
789,1683,38,0,0
789,1684,38,1,0
789,1685,38,0,0
789,1686,38,1,0
789,1687,38,0,0
789,1688,38,0,0
789,1689,38,1,1
789,1690,38,0,0
789,1691,38,1,0
789,1692,38,0,0
789,1693,38,1,0
789,1694,38,0,0
789,1695,38,1,0
789,1696,38,0,0
789,1697,38,1,0
789,1698,38,0,0
789,1699,38,1,0
789,1700,38,0,0
789,1701,38,1,0
789,1702,38,0,0
789,1703,38,0,0
789,1704,38,1,1
789,1705,38,1,0
789,2065,47,0,0
789,2066,47,1,1
789,2067,47,0,1
789,2068,47,1,1
789,2069,47,1,1
789,2070,47,0,0
789,2071,47,1,0
789,2072,47,0,0
789,2073,47,0,1
789,2074,47,1,1
789,2075,47,1,1
789,2076,47,0,0
789,2077,47,1,1
789,2078,47,0,0
789,2079,47,0,1
789,2080,47,0,0
789,2081,47,1,1
789,2082,47,0,0
789,2083,47,1,0
789,2084,47,1,1
789,2085,47,0,0
789,2086,47,0,0
789,2087,47,1,1
789,2088,47,0,1
789,2089,47,1,0
789,2090,47,1,1
789,2091,47,0,0
789,2092,47,0,0
789,2093,47,1,0
789,2094,47,0,1
789,2095,47,1,1
789,2096,47,0,1
789,2097,47,1,1
789,2098,47,0,1
789,2099,47,0,0
789,2100,47,1,1
789,2101,47,0,1
789,2102,47,1,1
789,2103,47,1,1
789,2104,47,0,1
789,2105,47,1,1
789,2106,47,0,1
789,2107,47,0,1
789,2108,47,1,0
789,2109,47,0,1
789,2650,60,0,0
789,2651,60,1,0
789,2652,60,1,0
789,2653,60,0,1
789,2654,60,0,0
789,2655,60,1,0
789,2656,60,0,0
789,2657,60,1,1
789,2658,60,1,1
789,2659,60,0,0
789,2660,60,0,1
789,2661,60,1,1
789,2662,60,1,1
789,2663,60,0,0
789,2664,60,1,1
789,2665,60,0,0
789,2666,60,1,0
789,2667,60,1,1
789,2668,60,0,0
789,2669,60,0,0
789,2670,60,1,0
789,2671,60,1,1
789,2672,60,0,0
789,2673,60,0,0
789,2674,60,1,1
789,2675,60,1,1
789,2676,60,0,0
789,2677,60,1,1
789,2678,60,0,1
789,2679,60,0,0
789,2680,60,0,0
789,2681,60,1,1
789,2682,60,0,0
789,2683,60,1,1
789,2684,60,1,1
789,2685,60,0,0
789,2686,60,0,0
789,2687,60,1,1
789,2688,60,0,0
789,2689,60,1,1
789,2690,60,0,0
789,2691,60,1,1
789,2692,60,0,0
789,2693,60,1,1
789,2694,60,0,0
789,3054,69,0,0
789,3055,69,1,1
789,3056,69,0,0
789,3057,69,1,1
789,3058,69,1,0
789,3059,69,0,1
789,3060,69,0,0
789,3061,69,1,1
789,3062,69,0,0
789,3063,69,1,1
789,3064,69,1,0
789,3065,69,0,1
789,3066,69,0,0
789,3067,69,1,0
789,3068,69,0,0
789,3069,69,0,1
789,3070,69,1,1
789,3071,69,1,0
789,3072,69,0,0
789,3073,69,0,0
789,3074,69,1,1
789,3075,69,1,0
789,3076,69,0,0
789,3077,69,1,1
789,3078,69,0,0
789,3079,69,0,0
789,3080,69,1,0
789,3081,69,1,0
789,3082,69,0,0
789,3083,69,0,1
789,3084,69,0,0
789,3085,69,1,1
789,3086,69,1,1
789,3087,69,0,1
789,3088,69,0,1
789,3089,69,1,0
789,3090,69,1,0
789,3091,69,0,1
789,3092,69,1,1
789,3093,69,0,0
789,3094,69,0,1
789,3095,69,1,0
789,3096,69,0,1
789,3097,69,1,1
789,3098,69,0,0
789,3494,79,0,1
789,3495,79,1,1
789,3496,79,0,1
789,3497,79,1,1
789,3498,79,0,1
789,3499,79,1,1
789,3500,79,0,1
789,3501,79,1,1
789,3502,79,0,1
789,3503,79,1,1
789,3504,79,0,1
789,3505,79,1,1
789,3506,79,1,1
789,3507,79,0,1
789,3508,79,0,1
789,3509,79,0,1
789,3510,79,1,1
789,3511,79,1,1
789,3512,79,0,0
789,3513,79,0,0
789,3514,79,1,0
789,3515,79,1,0
789,3516,79,0,0
789,3517,79,0,1
789,3518,79,1,1
789,3519,79,1,0
789,3520,79,0,0
789,3521,79,0,0
789,3522,79,1,1
789,3523,79,1,0
789,3524,79,1,0
789,3525,79,0,0
789,3526,79,1,1
789,3527,79,0,0
789,3528,79,0,0
789,3529,79,1,0
789,3530,79,1,0
789,3531,79,0,0
789,3532,79,1,0
789,3533,79,0,0
789,3534,79,1,0
789,3535,79,0,0
789,3536,79,1,0
789,3537,79,0,0
789,3538,79,1,0
789,3539,80,0,0
789,3540,80,1,1
789,3541,80,1,1
789,3542,80,0,0
789,3543,80,0,0
789,3544,80,1,0
789,3545,80,0,0
789,3546,80,1,1
789,3547,80,0,0
789,3548,80,1,0
789,3549,80,1,0
789,3550,80,0,0
789,3551,80,1,1
789,3552,80,0,0
789,3553,80,1,0
789,3554,80,1,0
789,3555,80,0,0
789,3556,80,0,0
789,3557,80,1,1
789,3558,80,0,1
789,3559,80,1,0
789,3560,80,1,0
789,3561,80,0,1
789,3562,80,1,0
789,3563,80,0,0
789,3564,80,0,1
789,3565,80,1,1
789,3566,80,1,0
789,3567,80,0,0
789,3568,80,0,1
789,3569,80,0,0
789,3570,80,1,1
789,3571,80,0,0
789,3572,80,1,0
789,3573,80,0,0
789,3574,80,1,0
789,3575,80,0,1
789,3576,80,1,0
789,3577,80,0,0
789,3578,80,1,1
789,3579,80,1,0
789,3580,80,0,0
789,3581,80,1,0
789,3582,80,0,0
789,3583,80,0,0
789,3674,83,0,0
789,3675,83,1,0
789,3676,83,1,1
789,3677,83,0,0
789,3678,83,0,0
789,3679,83,1,0
789,3680,83,1,0
789,3681,83,0,0
789,3682,83,1,0
789,3683,83,0,0
789,3684,83,1,0
789,3685,83,0,0
789,3686,83,1,0
789,3687,83,0,0
789,3688,83,0,0
789,3689,83,0,0
789,3690,83,1,0
789,3691,83,0,0
789,3692,83,1,0
789,3693,83,1,0
789,3694,83,0,0
789,3695,83,0,0
789,3696,83,1,0
789,3697,83,1,1
789,3698,83,0,0
789,3699,83,1,0
789,3700,83,0,0
789,3701,83,1,1
789,3702,83,0,0
789,3703,83,1,0
789,3704,83,0,0
789,3705,83,1,0
789,3706,83,1,0
789,3707,83,0,0
789,3708,83,1,0
789,3709,83,0,0
789,3710,83,0,0
789,3711,83,1,1
789,3712,83,1,0
789,3713,83,0,0
789,3714,83,0,0
789,3715,83,1,0
789,3716,83,0,1
789,3717,83,1,0
789,3718,83,1,0
789,3956,89,0,1
789,3957,89,1,1
789,3958,89,0,1
789,3959,89,1,1
789,3960,89,0,1
789,3961,89,1,1
789,3962,89,0,1
789,3963,89,1,1
789,3964,89,1,1
789,3965,89,0,1
789,3966,89,1,1
789,3967,89,0,0
789,3968,89,0,0
789,3969,89,1,0
789,3970,89,0,0
789,3971,89,0,1
789,3972,89,1,0
789,3973,89,1,1
789,3974,89,0,1
789,3975,89,1,1
789,3976,89,0,1
789,3977,89,1,0
789,3978,89,0,1
789,3979,89,0,1
789,3980,89,1,1
789,3981,89,0,1
789,3982,89,1,0
789,3983,89,1,1
789,3984,89,0,0
789,3985,89,0,1
789,3986,89,0,1
789,3987,89,1,1
789,3988,89,0,1
789,3989,89,1,0
789,3990,89,0,1
789,3991,89,1,1
789,3992,89,1,1
789,3993,89,0,0
789,3994,89,0,1
789,3995,89,1,1
789,3996,89,0,1
789,3997,89,1,0
789,3998,89,0,1
789,3999,89,1,0
789,4000,89,0,0
789,4499,101,0,0
789,4500,101,1,0
789,4501,101,1,0
789,4502,101,0,0
789,4503,101,1,0
789,4504,101,0,0
789,4505,101,1,1
789,4506,101,0,0
789,4507,101,1,0
789,4508,101,0,0
789,4509,101,0,0
789,4510,101,1,0
789,4511,101,1,0
789,4512,101,0,0
789,4513,101,0,0
789,4514,101,1,0
789,4515,101,0,0
789,4516,101,0,0
789,4517,101,1,0
789,4518,101,1,0
789,4519,101,0,0
789,4520,101,0,0
789,4521,101,1,0
789,4522,101,1,0
789,4523,101,0,0
789,4524,101,1,0
789,4525,101,0,0
789,4526,101,1,0
789,4527,101,0,0
789,4528,101,1,0
789,4529,101,0,0
789,4530,101,1,0
789,4531,101,0,0
789,4532,101,1,0
789,4533,101,1,0
789,4534,101,0,0
789,4535,101,1,0
789,4536,101,0,0
789,4537,101,1,0
789,4538,101,0,0
789,4539,101,1,0
789,4540,101,0,0
789,4541,101,0,0
789,4542,101,1,0
789,4543,101,1,0
789,4763,107,1,0
789,4764,107,0,0
789,4765,107,0,0
789,4766,107,1,1
789,4767,107,0,0
789,4768,107,1,1
789,4769,107,0,0
789,4770,107,1,1
789,4771,107,0,0
789,4772,107,1,1
789,4773,107,0,0
789,4774,107,1,1
789,4775,107,0,1
789,4776,107,1,1
789,4777,107,0,1
789,4778,107,1,1
789,4779,107,0,1
789,4780,107,1,1
789,4781,107,0,1
789,4782,107,1,1
789,4783,107,0,1
789,4784,107,0,0
789,4785,107,1,0
789,4786,107,0,0
789,4787,107,1,0
789,4788,107,0,0
789,4789,107,1,0
789,4790,107,1,0
789,4791,107,0,0
789,4792,107,0,0
789,4793,107,0,1
789,4794,107,1,1
789,4795,107,1,1
789,4796,107,0,1
789,4797,107,1,1
789,4798,107,0,1
789,4799,107,1,1
789,4800,107,0,0
789,4801,107,1,1
789,4802,107,0,1
789,4803,107,0,0
789,4804,107,1,1
789,4805,107,0,0
789,4806,107,1,1
789,4807,107,0,0
2026,0,1,1,0
2026,1,1,0,0
2026,2,1,0,0
2026,3,1,1,1
2026,4,1,1,0
2026,5,1,0,0
2026,6,1,1,1
2026,7,1,0,0
2026,8,1,1,0
2026,9,1,0,0
2026,10,1,0,1
2026,11,1,1,1
2026,12,1,0,0
2026,13,1,1,1
2026,14,1,0,0
2026,15,1,0,1
2026,16,1,1,1
2026,17,1,0,1
2026,18,1,1,1
2026,19,1,0,1
2026,20,1,1,1
2026,21,1,0,0
2026,22,1,1,1
2026,23,1,1,0
2026,24,1,0,0
2026,25,1,0,1
2026,26,1,1,1
2026,27,1,1,1
2026,28,1,0,1
2026,29,1,0,0
2026,30,1,1,1
2026,31,1,0,0
2026,32,1,1,1
2026,33,1,0,1
2026,34,1,0,1
2026,35,1,1,1
2026,36,1,1,0
2026,37,1,0,0
2026,38,1,0,0
2026,39,1,1,1
2026,40,1,1,1
2026,41,1,0,0
2026,42,1,1,1
2026,43,1,0,1
2026,44,1,1,0
2026,90,3,1,0
2026,91,3,0,0
2026,92,3,1,0
2026,93,3,0,0
2026,94,3,1,0
2026,95,3,0,1
2026,96,3,0,0
2026,97,3,1,0
2026,98,3,0,0
2026,99,3,1,0
2026,100,3,0,0
2026,101,3,1,0
2026,102,3,1,0
2026,103,3,0,1
2026,104,3,0,0
2026,105,3,0,1
2026,106,3,1,0
2026,107,3,0,1
2026,108,3,1,0
2026,109,3,1,0
2026,110,3,0,0
2026,111,3,0,1
2026,112,3,1,1
2026,113,3,1,1
2026,114,3,0,0
2026,115,3,0,0
2026,116,3,1,0
2026,117,3,1,0
2026,118,3,0,1
2026,119,3,1,0
2026,120,3,1,1
2026,121,3,0,0
2026,122,3,1,1
2026,123,3,0,1
2026,124,3,0,1
2026,125,3,1,1
2026,126,3,0,1
2026,127,3,1,0
2026,128,3,1,1
2026,129,3,0,0
2026,130,3,0,1
2026,131,3,1,0
2026,132,3,0,0
2026,133,3,1,1
2026,134,3,0,0
2026,810,19,1,0
2026,811,19,0,0
2026,812,19,0,1
2026,813,19,1,1
2026,814,19,0,0
2026,815,19,1,1
2026,816,19,1,1
2026,817,19,0,0
2026,818,19,1,1
2026,819,19,0,1
2026,820,19,1,1
2026,821,19,0,0
2026,822,19,1,1
2026,823,19,0,0
2026,824,19,0,0
2026,825,19,1,0
2026,826,19,0,0
2026,827,19,1,1
2026,828,19,0,0
2026,829,19,0,0
2026,830,19,1,0
2026,831,19,1,0
2026,832,19,0,0
2026,833,19,1,1
2026,834,19,0,0
2026,835,19,0,0
2026,836,19,1,1
2026,837,19,0,0
2026,838,19,1,0
2026,839,19,0,0
2026,840,19,0,0
2026,841,19,1,0
2026,842,19,0,0
2026,843,19,1,1
2026,844,19,1,1
2026,845,19,0,0
2026,846,19,1,0
2026,847,19,0,0
2026,848,19,1,1
2026,849,19,0,1
2026,850,19,0,1
2026,851,19,1,0
2026,852,19,0,0
2026,853,19,1,0
2026,854,19,1,0
2026,1080,25,1,0
2026,1081,25,0,0
2026,1082,25,1,1
2026,1083,25,0,0
2026,1084,25,1,1
2026,1085,25,0,0
2026,1086,25,1,0
2026,1087,25,0,1
2026,1088,25,1,0
2026,1089,25,0,0
2026,1090,25,1,0
2026,1091,25,0,1
2026,1092,25,0,0
2026,1093,25,1,0
2026,1094,25,1,1
2026,1095,25,0,0
2026,1096,25,1,1
2026,1097,25,1,1
2026,1098,25,0,0
2026,1099,25,0,1
2026,1100,25,1,1
2026,1101,25,1,1
2026,1102,25,0,0
2026,1103,25,0,0
2026,1104,25,1,1
2026,1105,25,0,0
2026,1106,25,1,1
2026,1107,25,1,1
2026,1108,25,0,0
2026,1109,25,1,0
2026,1110,25,1,1
2026,1111,25,0,0
2026,1112,25,0,1
2026,1113,25,1,1
2026,1114,25,0,1
2026,1115,25,1,1
2026,1116,25,1,1
2026,1117,25,0,0
2026,1118,25,1,0
2026,1119,25,0,1
2026,1120,25,1,1
2026,1121,25,0,0
2026,1122,25,0,0
2026,1123,25,1,1
2026,1124,25,0,0
2026,1260,29,1,1
2026,1261,29,0,0
2026,1262,29,1,1
2026,1263,29,0,1
2026,1264,29,1,1
2026,1265,29,0,1
2026,1266,29,1,1
2026,1267,29,0,0
2026,1268,29,1,1
2026,1269,29,0,0
2026,1270,29,0,0
2026,1271,29,1,1
2026,1272,29,1,1
2026,1273,29,0,1
2026,1274,29,0,0
2026,1275,29,0,0
2026,1276,29,1,1
2026,1277,29,1,1
2026,1278,29,0,0
2026,1279,29,0,0
2026,1280,29,1,1
2026,1281,29,0,0
2026,1282,29,1,1
2026,1283,29,0,1
2026,1284,29,1,1
2026,1285,29,0,0
2026,1286,29,1,1
2026,1287,29,1,1
2026,1288,29,0,1
2026,1289,29,0,0
2026,1290,29,0,0
2026,1291,29,1,1
2026,1292,29,1,1
2026,1293,29,0,0
2026,1294,29,1,1
2026,1295,29,0,0
2026,1296,29,1,1
2026,1297,29,0,0
2026,1298,29,1,1
2026,1299,29,0,0
2026,1300,29,0,0
2026,1301,29,1,1
2026,1302,29,0,1
2026,1303,29,1,1
2026,1304,29,1,1
2026,1485,34,0,0
2026,1486,34,1,1
2026,1487,34,0,1
2026,1488,34,1,1
2026,1489,34,0,0
2026,1490,34,1,1
2026,1491,34,0,1
2026,1492,34,1,1
2026,1493,34,1,1
2026,1494,34,0,0
2026,1495,34,0,0
2026,1496,34,1,1
2026,1497,34,1,1
2026,1498,34,0,0
2026,1499,34,1,1
2026,1500,34,0,1
2026,1501,34,1,1
2026,1502,34,0,0
2026,1503,34,1,1
2026,1504,34,0,0
2026,1505,34,1,1
2026,1506,34,0,0
2026,1507,34,1,0
2026,1508,34,1,1
2026,1509,34,0,0
2026,1510,34,0,0
2026,1511,34,1,1
2026,1512,34,0,1
2026,1513,34,1,1
2026,1514,34,0,1
2026,1515,34,1,1
2026,1516,34,0,0
2026,1517,34,1,1
2026,1518,34,0,0
2026,1519,34,1,1
2026,1520,34,0,0
2026,1521,34,1,1
2026,1522,34,0,1
2026,1523,34,1,1
2026,1524,34,1,1
2026,1525,34,0,0
2026,1526,34,1,1
2026,1527,34,0,0
2026,1661,38,1,0
2026,1662,38,0,1
2026,1663,38,0,0
2026,1664,38,1,0
2026,1665,38,0,0
2026,1666,38,1,0
2026,1667,38,0,0
2026,1668,38,1,0
2026,1669,38,1,0
2026,1670,38,0,0
2026,1671,38,0,0
2026,1672,38,1,1
2026,1673,38,0,1
2026,1674,38,1,0
2026,1675,38,0,0
2026,1676,38,1,1
2026,1677,38,0,0
2026,1678,38,0,0
2026,1679,38,1,1
2026,1680,38,0,1
2026,1681,38,1,1
2026,1682,38,1,1
2026,1683,38,0,0
2026,1684,38,1,0
2026,1685,38,0,0
2026,1686,38,1,0
2026,1687,38,0,0
2026,1688,38,0,0
2026,1689,38,1,1
2026,1690,38,0,0
2026,1691,38,1,0
2026,1692,38,0,0
2026,1693,38,1,0
2026,1694,38,0,0
2026,1695,38,1,0
2026,1696,38,0,0
2026,1697,38,1,0
2026,1698,38,0,0
2026,1699,38,1,0
2026,1700,38,0,0
2026,1701,38,1,0
2026,1702,38,0,0
2026,1703,38,0,0
2026,1704,38,1,1
2026,1705,38,1,0
2026,2065,47,0,0
2026,2066,47,1,1
2026,2067,47,0,1
2026,2068,47,1,1
2026,2069,47,1,1
2026,2070,47,0,0
2026,2071,47,1,0
2026,2072,47,0,1
2026,2073,47,0,1
2026,2074,47,1,1
2026,2075,47,1,0
2026,2076,47,0,1
2026,2077,47,1,1
2026,2078,47,0,0
2026,2079,47,0,1
2026,2080,47,0,0
2026,2081,47,1,1
2026,2082,47,0,0
2026,2083,47,1,1
2026,2084,47,1,1
2026,2085,47,0,0
2026,2086,47,0,0
2026,2087,47,1,1
2026,2088,47,0,1
2026,2089,47,1,1
2026,2090,47,1,1
2026,2091,47,0,0
2026,2092,47,0,1
2026,2093,47,1,0
2026,2094,47,0,1
2026,2095,47,1,1
2026,2096,47,0,1
2026,2097,47,1,1
2026,2098,47,0,0
2026,2099,47,0,0
2026,2100,47,1,1
2026,2101,47,0,1
2026,2102,47,1,1
2026,2103,47,1,1
2026,2104,47,0,1
2026,2105,47,1,1
2026,2106,47,0,1
2026,2107,47,0,1
2026,2108,47,1,0
2026,2109,47,0,1
2026,2650,60,0,0
2026,2651,60,1,1
2026,2652,60,1,0
2026,2653,60,0,1
2026,2654,60,0,0
2026,2655,60,1,0
2026,2656,60,0,0
2026,2657,60,1,1
2026,2658,60,1,1
2026,2659,60,0,0
2026,2660,60,0,1
2026,2661,60,1,1
2026,2662,60,1,1
2026,2663,60,0,0
2026,2664,60,1,1
2026,2665,60,0,1
2026,2666,60,1,1
2026,2667,60,1,1
2026,2668,60,0,0
2026,2669,60,0,0
2026,2670,60,1,0
2026,2671,60,1,1
2026,2672,60,0,0
2026,2673,60,0,1
2026,2674,60,1,1
2026,2675,60,1,1
2026,2676,60,0,0
2026,2677,60,1,1
2026,2678,60,0,1
2026,2679,60,0,1
2026,2680,60,0,0
2026,2681,60,1,1
2026,2682,60,0,0
2026,2683,60,1,1
2026,2684,60,1,1
2026,2685,60,0,1
2026,2686,60,0,0
2026,2687,60,1,1
2026,2688,60,0,0
2026,2689,60,1,1
2026,2690,60,0,0
2026,2691,60,1,1
2026,2692,60,0,1
2026,2693,60,1,1
2026,2694,60,0,0
2026,3054,69,0,0
2026,3055,69,1,1
2026,3056,69,0,0
2026,3057,69,1,1
2026,3058,69,1,1
2026,3059,69,0,1
2026,3060,69,0,1
2026,3061,69,1,0
2026,3062,69,0,1
2026,3063,69,1,1
2026,3064,69,1,1
2026,3065,69,0,1
2026,3066,69,0,0
2026,3067,69,1,0
2026,3068,69,0,0
2026,3069,69,0,0
2026,3070,69,1,1
2026,3071,69,1,0
2026,3072,69,0,0
2026,3073,69,0,1
2026,3074,69,1,1
2026,3075,69,1,1
2026,3076,69,0,0
2026,3077,69,1,1
2026,3078,69,0,0
2026,3079,69,0,0
2026,3080,69,1,0
2026,3081,69,1,0
2026,3082,69,0,1
2026,3083,69,0,0
2026,3084,69,0,1
2026,3085,69,1,1
2026,3086,69,1,1
2026,3087,69,0,1
2026,3088,69,0,1
2026,3089,69,1,1
2026,3090,69,1,1
2026,3091,69,0,1
2026,3092,69,1,1
2026,3093,69,0,0
2026,3094,69,0,1
2026,3095,69,1,0
2026,3096,69,0,1
2026,3097,69,1,1
2026,3098,69,0,1
2026,3494,79,0,0
2026,3495,79,1,0
2026,3496,79,0,0
2026,3497,79,1,0
2026,3498,79,0,0
2026,3499,79,1,0
2026,3500,79,0,0
2026,3501,79,1,0
2026,3502,79,0,0
2026,3503,79,1,0
2026,3504,79,0,0
2026,3505,79,1,0
2026,3506,79,1,0
2026,3507,79,0,0
2026,3508,79,0,0
2026,3509,79,0,1
2026,3510,79,1,1
2026,3511,79,1,1
2026,3512,79,0,0
2026,3513,79,0,0
2026,3514,79,1,0
2026,3515,79,1,0
2026,3516,79,0,0
2026,3517,79,0,1
2026,3518,79,1,0
2026,3519,79,1,0
2026,3520,79,0,0
2026,3521,79,0,0
2026,3522,79,1,1
2026,3523,79,1,0
2026,3524,79,1,0
2026,3525,79,0,0
2026,3526,79,1,1
2026,3527,79,0,0
2026,3528,79,0,0
2026,3529,79,1,0
2026,3530,79,1,0
2026,3531,79,0,0
2026,3532,79,1,1
2026,3533,79,0,0
2026,3534,79,1,0
2026,3535,79,0,0
2026,3536,79,1,1
2026,3537,79,0,0
2026,3538,79,1,0
2026,3539,80,0,0
2026,3540,80,1,0
2026,3541,80,1,1
2026,3542,80,0,0
2026,3543,80,0,1
2026,3544,80,1,0
2026,3545,80,0,0
2026,3546,80,1,0
2026,3547,80,0,0
2026,3548,80,1,0
2026,3549,80,1,0
2026,3550,80,0,0
2026,3551,80,1,0
2026,3552,80,0,0
2026,3553,80,1,0
2026,3554,80,1,0
2026,3555,80,0,0
2026,3556,80,0,1
2026,3557,80,1,1
2026,3558,80,0,1
2026,3559,80,1,0
2026,3560,80,1,0
2026,3561,80,0,0
2026,3562,80,1,0
2026,3563,80,0,0
2026,3564,80,0,0
2026,3565,80,1,1
2026,3566,80,1,0
2026,3567,80,0,0
2026,3568,80,0,1
2026,3569,80,0,0
2026,3570,80,1,1
2026,3571,80,0,0
2026,3572,80,1,0
2026,3573,80,0,0
2026,3574,80,1,0
2026,3575,80,0,0
2026,3576,80,1,1
2026,3577,80,0,0
2026,3578,80,1,0
2026,3579,80,1,0
2026,3580,80,0,0
2026,3581,80,1,0
2026,3582,80,0,0
2026,3583,80,0,0
2026,3674,83,0,1
2026,3675,83,1,0
2026,3676,83,1,1
2026,3677,83,0,0
2026,3678,83,0,0
2026,3679,83,1,0
2026,3680,83,1,0
2026,3681,83,0,0
2026,3682,83,1,0
2026,3683,83,0,0
2026,3684,83,1,0
2026,3685,83,0,0
2026,3686,83,1,0
2026,3687,83,0,0
2026,3688,83,0,0
2026,3689,83,0,0
2026,3690,83,1,0
2026,3691,83,0,0
2026,3692,83,1,0
2026,3693,83,1,0
2026,3694,83,0,0
2026,3695,83,0,0
2026,3696,83,1,1
2026,3697,83,1,1
2026,3698,83,0,0
2026,3699,83,1,0
2026,3700,83,0,0
2026,3701,83,1,1
2026,3702,83,0,0
2026,3703,83,1,0
2026,3704,83,0,0
2026,3705,83,1,0
2026,3706,83,1,0
2026,3707,83,0,0
2026,3708,83,1,1
2026,3709,83,0,0
2026,3710,83,0,0
2026,3711,83,1,1
2026,3712,83,1,0
2026,3713,83,0,0
2026,3714,83,0,0
2026,3715,83,1,0
2026,3716,83,0,1
2026,3717,83,1,0
2026,3718,83,1,0
2026,3956,89,0,1
2026,3957,89,1,0
2026,3958,89,0,0
2026,3959,89,1,1
2026,3960,89,0,1
2026,3961,89,1,1
2026,3962,89,0,0
2026,3963,89,1,1
2026,3964,89,1,1
2026,3965,89,0,1
2026,3966,89,1,0
2026,3967,89,0,1
2026,3968,89,0,1
2026,3969,89,1,0
2026,3970,89,0,0
2026,3971,89,0,0
2026,3972,89,1,1
2026,3973,89,1,1
2026,3974,89,0,0
2026,3975,89,1,1
2026,3976,89,0,1
2026,3977,89,1,0
2026,3978,89,0,1
2026,3979,89,0,0
2026,3980,89,1,1
2026,3981,89,0,1
2026,3982,89,1,0
2026,3983,89,1,0
2026,3984,89,0,0
2026,3985,89,0,1
2026,3986,89,0,1
2026,3987,89,1,1
2026,3988,89,0,0
2026,3989,89,1,0
2026,3990,89,0,1
2026,3991,89,1,0
2026,3992,89,1,0
2026,3993,89,0,1
2026,3994,89,0,0
2026,3995,89,1,1
2026,3996,89,0,1
2026,3997,89,1,1
2026,3998,89,0,0
2026,3999,89,1,0
2026,4000,89,0,0
2026,4499,101,0,0
2026,4500,101,1,0
2026,4501,101,1,0
2026,4502,101,0,0
2026,4503,101,1,0
2026,4504,101,0,0
2026,4505,101,1,0
2026,4506,101,0,0
2026,4507,101,1,0
2026,4508,101,0,0
2026,4509,101,0,0
2026,4510,101,1,0
2026,4511,101,1,0
2026,4512,101,0,0
2026,4513,101,0,0
2026,4514,101,1,0
2026,4515,101,0,0
2026,4516,101,0,0
2026,4517,101,1,0
2026,4518,101,1,0
2026,4519,101,0,0
2026,4520,101,0,0
2026,4521,101,1,0
2026,4522,101,1,0
2026,4523,101,0,0
2026,4524,101,1,0
2026,4525,101,0,0
2026,4526,101,1,0
2026,4527,101,0,0
2026,4528,101,1,0
2026,4529,101,0,0
2026,4530,101,1,0
2026,4531,101,0,0
2026,4532,101,1,0
2026,4533,101,1,0
2026,4534,101,0,0
2026,4535,101,1,0
2026,4536,101,0,0
2026,4537,101,1,0
2026,4538,101,0,0
2026,4539,101,1,0
2026,4540,101,0,0
2026,4541,101,0,0
2026,4542,101,1,0
2026,4543,101,1,0
2026,4763,107,1,1
2026,4764,107,0,0
2026,4765,107,0,1
2026,4766,107,1,1
2026,4767,107,0,0
2026,4768,107,1,1
2026,4769,107,0,0
2026,4770,107,1,1
2026,4771,107,0,0
2026,4772,107,1,1
2026,4773,107,0,0
2026,4774,107,1,1
2026,4775,107,0,1
2026,4776,107,1,1
2026,4777,107,0,1
2026,4778,107,1,1
2026,4779,107,0,1
2026,4780,107,1,1
2026,4781,107,0,1
2026,4782,107,1,1
2026,4783,107,0,1
2026,4784,107,0,0
2026,4785,107,1,1
2026,4786,107,0,0
2026,4787,107,1,0
2026,4788,107,0,0
2026,4789,107,1,0
2026,4790,107,1,0
2026,4791,107,0,0
2026,4792,107,0,0
2026,4793,107,0,1
2026,4794,107,1,0
2026,4795,107,1,1
2026,4796,107,0,1
2026,4797,107,1,1
2026,4798,107,0,1
2026,4799,107,1,1
2026,4800,107,0,0
2026,4801,107,1,1
2026,4802,107,0,1
2026,4803,107,0,0
2026,4804,107,1,0
2026,4805,107,0,0
2026,4806,107,1,0
2026,4807,107,0,0
